room,student_group,student_group_id,div,subject,teacher,day,day_of_week,lesson_date,start_time,num_pair,lesson_id,room_id,auditory_id,time_slot_id,schedule_id,teacher_id,is_lection,text
1030_Roy Gartner Memorial classroom [40],ПНС,1247,6,Психіка і нервова система,Чернінський Андрій,FRIDAY,5,2023-12-16,11:30:00,3,549,3,1030,26,0,4059,1,"Психіка і нервова система
ПНС
Чернінський Андрій
[0]"
1002_ASTEM FOUNDATION Classroom [70],ПНС,1247,6,Психіка і нервова система,Чернінський Андрій,WEDNESDAY,3,2023-12-14,13:30:00,4,549,0,1002,15,1,4059,1,"Психіка і нервова система
ПНС
Чернінський Андрій
[1]"
1003_TA Ventures Classroom [148],ПНС,1247,6,Психіка і нервова система,Чернінський Андрій,FRIDAY,5,2023-12-16,08:30:00,1,549,2,1003,24,2,4059,0,"Психіка і нервова система
ПНС
Чернінський Андрій
[2]"
1030_Roy Gartner Memorial classroom [40],ВППЕ,1246,6,Вступ до психології та професійна етика,Ляшенко Олексій,WEDNESDAY,3,2023-12-14,10:00:00,2,548,3,1030,13,3,5056,1,"Вступ до психології та професійна етика
ВППЕ
Ляшенко Олексій
[3]"
1002_ASTEM FOUNDATION Classroom [70],ВППЕ,1246,6,Вступ до психології та професійна етика,Ляшенко Олексій,TUESDAY,2,2023-12-13,16:30:00,6,548,0,1002,11,4,5056,1,"Вступ до психології та професійна етика
ВППЕ
Ляшенко Олексій
[4]"
1003_TA Ventures Classroom [148],ВППЕ,1246,6,Вступ до психології та професійна етика,Ляшенко Олексій,THURSDAY,4,2023-12-15,15:00:00,5,548,2,1003,22,5,5056,0,"Вступ до психології та професійна етика
ВППЕ
Ляшенко Олексій
[5]"
1009_ARZINGER Classroom [34],ЕПП,1249,6,Етика в правничій професії,Грищенко Катерина,THURSDAY,4,2023-12-15,10:00:00,2,563,6,1009,19,6,5053,1,"Етика в правничій професії
ЕПП
Грищенко Катерина
[6]"
1003_TA Ventures Classroom [148],ЕПП,1249,6,Етика в правничій професії,Грищенко Катерина,THURSDAY,4,2023-12-15,16:30:00,6,563,2,1003,23,7,5053,1,"Етика в правничій професії
ЕПП
Грищенко Катерина
[7]"
1009_ARZINGER Classroom [34],ЕПП,1249,6,Етика в правничій професії,Грищенко Катерина,FRIDAY,5,2023-12-16,13:30:00,4,563,6,1009,27,8,5053,0,"Етика в правничій професії
ЕПП
Грищенко Катерина
[8]"
1005_Genesis Growth Classroom [34],ЕПП,1249,6,Етика в правничій професії,Грищенко Катерина,THURSDAY,4,2023-12-15,15:00:00,5,563,4,1005,22,9,5053,0,"Етика в правничій професії
ЕПП
Грищенко Катерина
[9]"
1009_ARZINGER Classroom [34],А (П) 1,1223,6,Англійська для навчання та роботи 1,Князь Ганна,TUESDAY,2,2023-12-13,13:30:00,4,547,6,1009,9,10,5048,0,"Англійська для навчання та роботи 1
А (П) 1
Князь Ганна
[10]"
1010_ПУМБ Classroom [32],А (П) 1,1223,6,Англійська для навчання та роботи 1,Князь Ганна,THURSDAY,4,2023-12-15,13:30:00,4,547,7,1010,21,11,5048,0,"Англійська для навчання та роботи 1
А (П) 1
Князь Ганна
[11]"
1025_ASTEM FOUNDATION Classroom [38],А (П) 1,1223,6,Англійська для навчання та роботи 1,Князь Ганна,TUESDAY,2,2023-12-13,11:30:00,3,547,1,1025,8,12,5048,0,"Англійська для навчання та роботи 1
А (П) 1
Князь Ганна
[12]"
1003_TA Ventures Classroom [148],А (П) 3,1225,6,Англійська для навчання та роботи 1,Князь Ганна,MONDAY,1,2023-12-12,10:00:00,2,547,2,1003,1,13,5048,0,"Англійська для навчання та роботи 1
А (П) 3
Князь Ганна
[13]"
1002_ASTEM FOUNDATION Classroom [70],А (П) 3,1225,6,Англійська для навчання та роботи 1,Князь Ганна,THURSDAY,4,2023-12-15,08:30:00,1,547,0,1002,18,14,5048,0,"Англійська для навчання та роботи 1
А (П) 3
Князь Ганна
[14]"
1007_Genesis Enterpreneurship Classroom [40],А (П) 3,1225,6,Англійська для навчання та роботи 1,Князь Ганна,TUESDAY,2,2023-12-13,15:00:00,5,547,5,1007,10,15,5048,0,"Англійська для навчання та роботи 1
А (П) 3
Князь Ганна
[15]"
1005_Genesis Growth Classroom [34],А (П) 4,1226,6,Англійська для навчання та роботи 1,Князь Ганна,MONDAY,1,2023-12-12,08:30:00,1,547,4,1005,0,16,5048,0,"Англійська для навчання та роботи 1
А (П) 4
Князь Ганна
[16]"
1002_ASTEM FOUNDATION Classroom [70],А (П) 4,1226,6,Англійська для навчання та роботи 1,Князь Ганна,FRIDAY,5,2023-12-16,16:30:00,6,547,0,1002,29,17,5048,0,"Англійська для навчання та роботи 1
А (П) 4
Князь Ганна
[17]"
1010_ПУМБ Classroom [32],А (П) 4,1226,6,Англійська для навчання та роботи 1,Князь Ганна,WEDNESDAY,3,2023-12-14,15:00:00,5,547,7,1010,16,18,5048,0,"Англійська для навчання та роботи 1
А (П) 4
Князь Ганна
[18]"
1002_ASTEM FOUNDATION Classroom [70],А (П) 2,1224,6,Англійська для навчання та роботи 1,Князь Ганна,FRIDAY,5,2023-12-16,10:00:00,2,547,0,1002,25,19,5048,0,"Англійська для навчання та роботи 1
А (П) 2
Князь Ганна
[19]"
1003_TA Ventures Classroom [148],А (П) 2,1224,6,Англійська для навчання та роботи 1,Князь Ганна,MONDAY,1,2023-12-12,16:30:00,6,547,2,1003,5,20,5048,0,"Англійська для навчання та роботи 1
А (П) 2
Князь Ганна
[20]"
1003_TA Ventures Classroom [148],А (П) 2,1224,6,Англійська для навчання та роботи 1,Князь Ганна,WEDNESDAY,3,2023-12-14,08:30:00,1,547,2,1003,12,21,5048,0,"Англійська для навчання та роботи 1
А (П) 2
Князь Ганна
[21]"
0_online [10009],ІУ (Л) 1,1233,6,Сучасна історія України,Стадний Єгор,MONDAY,1,2023-12-12,08:30:00,1,339,8,0,0,22,3434,1,"Сучасна історія України
ІУ (Л) 1
Стадний Єгор
[22]"
1003_TA Ventures Classroom [148],ІУ (Л) 1,1233,6,Сучасна історія України,Стадний Єгор,FRIDAY,5,2023-12-16,08:30:00,1,339,2,1003,24,23,3434,1,"Сучасна історія України
ІУ (Л) 1
Стадний Єгор
[23]"
1025_ASTEM FOUNDATION Classroom [38],ІУ (Л) 2,1234,6,Сучасна історія України,Стадний Єгор,THURSDAY,4,2023-12-15,13:30:00,4,339,1,1025,21,24,3434,1,"Сучасна історія України
ІУ (Л) 2
Стадний Єгор
[24]"
0_online [10009],ІУ (Л) 2,1234,6,Сучасна історія України,Стадний Єгор,THURSDAY,4,2023-12-15,08:30:00,1,339,8,0,18,25,3434,1,"Сучасна історія України
ІУ (Л) 2
Стадний Єгор
[25]"
1009_ARZINGER Classroom [34],ІУ (П) 1,1237,6,Сучасна історія України,Довгань Світлана,MONDAY,1,2023-12-12,15:00:00,5,339,6,1009,4,26,5142,0,"Сучасна історія України
ІУ (П) 1
Довгань Світлана
[26]"
1030_Roy Gartner Memorial classroom [40],ІУ (П) 2,1238,6,Сучасна історія України,Стадний Єгор,MONDAY,1,2023-12-12,15:00:00,5,339,3,1030,4,27,3434,0,"Сучасна історія України
ІУ (П) 2
Стадний Єгор
[27]"
1007_Genesis Enterpreneurship Classroom [40],ІУ (П) 3,1239,6,Сучасна історія України,Довгань Світлана,THURSDAY,4,2023-12-15,13:30:00,4,339,5,1007,21,28,5142,0,"Сучасна історія України
ІУ (П) 3
Довгань Світлана
[28]"
1030_Roy Gartner Memorial classroom [40],ІУ (П) 4,1240,6,Сучасна історія України,Красінько Ольга,THURSDAY,4,2023-12-15,16:30:00,6,339,3,1030,23,29,5144,0,"Сучасна історія України
ІУ (П) 4
Красінько Ольга
[29]"
1007_Genesis Enterpreneurship Classroom [40],ІУ (П) 5,1241,6,Сучасна історія України,Стадний Єгор,WEDNESDAY,3,2023-12-14,08:30:00,1,339,5,1007,12,30,3434,0,"Сучасна історія України
ІУ (П) 5
Стадний Єгор
[30]"
1002_ASTEM FOUNDATION Classroom [70],ІУ (П) 6,1242,6,Сучасна історія України,Красінько Ольга,MONDAY,1,2023-12-12,13:30:00,4,339,0,1002,3,31,5144,0,"Сучасна історія України
ІУ (П) 6
Красінько Ольга
[31]"
1005_Genesis Growth Classroom [34],ІУ (П) 7,1243,6,Сучасна історія України,Куделя Володимир,FRIDAY,5,2023-12-16,11:30:00,3,339,4,1005,26,32,5145,0,"Сучасна історія України
ІУ (П) 7
Куделя Володимир
[32]"
1010_ПУМБ Classroom [32],ІУ (П) 8,1244,6,Сучасна історія України,Куделя Володимир,WEDNESDAY,3,2023-12-14,11:30:00,3,339,7,1010,14,33,5145,0,"Сучасна історія України
ІУ (П) 8
Куделя Володимир
[33]"
0_online [10009],ІУ (П) 9,1245,6,Сучасна історія України,Стадний Єгор,WEDNESDAY,3,2023-12-14,11:30:00,3,339,8,0,14,34,3434,0,"Сучасна історія України
ІУ (П) 9
Стадний Єгор
[34]"
1010_ПУМБ Classroom [32],КШЕ 2,1187,6,Як навчатися в КШЕ,Шевченко Георгій,TUESDAY,2,2023-12-13,15:00:00,5,546,7,1010,10,35,2498,1,"Як навчатися в КШЕ
КШЕ 2
Шевченко Георгій
[35]"
1010_ПУМБ Classroom [32],КШЕ 3.1,1297,6,Як навчатися в КШЕ,Палій Валерія,MONDAY,1,2023-12-12,11:30:00,3,546,7,1010,2,36,1,1,"Як навчатися в КШЕ
КШЕ 3.1
Палій Валерія
[36]"
1003_TA Ventures Classroom [148],КШЕ 3.2,1298,6,Як навчатися в КШЕ,Берко Степан,TUESDAY,2,2023-12-13,16:30:00,6,546,2,1003,11,37,4671,1,"Як навчатися в КШЕ
КШЕ 3.2
Берко Степан
[37]"
1005_Genesis Growth Classroom [34],А (Е) 9,1219,6,Англійська для навчання та роботи 1,Питель Дар`я,THURSDAY,4,2023-12-15,16:30:00,6,547,4,1005,23,38,5049,0,"Англійська для навчання та роботи 1
А (Е) 9
Питель Дар`я
[38]"
1003_TA Ventures Classroom [148],А (Е) 9,1219,6,Англійська для навчання та роботи 1,Питель Дар`я,TUESDAY,2,2023-12-13,08:30:00,1,547,2,1003,6,39,5049,0,"Англійська для навчання та роботи 1
А (Е) 9
Питель Дар`я
[39]"
1007_Genesis Enterpreneurship Classroom [40],А (Е) 10,1220,6,Англійська для навчання та роботи 1,Питель Дар`я,MONDAY,1,2023-12-12,13:30:00,4,547,5,1007,3,40,5049,0,"Англійська для навчання та роботи 1
А (Е) 10
Питель Дар`я
[40]"
1003_TA Ventures Classroom [148],А (Е) 10,1220,6,Англійська для навчання та роботи 1,Питель Дар`я,TUESDAY,2,2023-12-13,13:30:00,4,547,2,1003,9,41,5049,0,"Англійська для навчання та роботи 1
А (Е) 10
Питель Дар`я
[41]"
1030_Roy Gartner Memorial classroom [40],А (Е) 11,1221,6,Англійська для навчання та роботи 1,Питель Дар`я,MONDAY,1,2023-12-12,11:30:00,3,547,3,1030,2,42,5049,0,"Англійська для навчання та роботи 1
А (Е) 11
Питель Дар`я
[42]"
1007_Genesis Enterpreneurship Classroom [40],А (Е) 11,1221,6,Англійська для навчання та роботи 1,Питель Дар`я,TUESDAY,2,2023-12-13,16:30:00,6,547,5,1007,11,43,5049,0,"Англійська для навчання та роботи 1
А (Е) 11
Питель Дар`я
[43]"
1025_ASTEM FOUNDATION Classroom [38],А (Е) 12,1222,6,Англійська для навчання та роботи 1,Питель Дар`я,WEDNESDAY,3,2023-12-14,16:30:00,6,547,1,1025,17,44,5049,0,"Англійська для навчання та роботи 1
А (Е) 12
Питель Дар`я
[44]"
1030_Roy Gartner Memorial classroom [40],А (Е) 12,1222,6,Англійська для навчання та роботи 1,Питель Дар`я,WEDNESDAY,3,2023-12-14,15:00:00,5,547,3,1030,16,45,5049,0,"Англійська для навчання та роботи 1
А (Е) 12
Питель Дар`я
[45]"
1005_Genesis Growth Classroom [34],А (Е) 1,1210,6,Англійська для навчання та роботи 1,Фролова Діана,WEDNESDAY,3,2023-12-14,10:00:00,2,547,4,1005,13,46,3739,0,"Англійська для навчання та роботи 1
А (Е) 1
Фролова Діана
[46]"
1002_ASTEM FOUNDATION Classroom [70],А (Е) 1,1210,6,Англійська для навчання та роботи 1,Фролова Діана,WEDNESDAY,3,2023-12-14,11:30:00,3,547,0,1002,14,47,3739,0,"Англійська для навчання та роботи 1
А (Е) 1
Фролова Діана
[47]"
1030_Roy Gartner Memorial classroom [40],А (Е) 2,1212,6,Англійська для навчання та роботи 1,Фролова Діана,MONDAY,1,2023-12-12,13:30:00,4,547,3,1030,3,48,3739,0,"Англійська для навчання та роботи 1
А (Е) 2
Фролова Діана
[48]"
1009_ARZINGER Classroom [34],А (Е) 2,1212,6,Англійська для навчання та роботи 1,Фролова Діана,MONDAY,1,2023-12-12,10:00:00,2,547,6,1009,1,49,3739,0,"Англійська для навчання та роботи 1
А (Е) 2
Фролова Діана
[49]"
1002_ASTEM FOUNDATION Classroom [70],А (Е) 3,1213,6,Англійська для навчання та роботи 1,Фролова Діана,THURSDAY,4,2023-12-15,11:30:00,3,547,0,1002,20,50,3739,0,"Англійська для навчання та роботи 1
А (Е) 3
Фролова Діана
[50]"
1030_Roy Gartner Memorial classroom [40],А (Е) 3,1213,6,Англійська для навчання та роботи 1,Фролова Діана,THURSDAY,4,2023-12-15,13:30:00,4,547,3,1030,21,51,3739,0,"Англійська для навчання та роботи 1
А (Е) 3
Фролова Діана
[51]"
0_online [10009],А (Е) 4,1214,6,Англійська для навчання та роботи 1,Фролова Діана,THURSDAY,4,2023-12-15,08:30:00,1,547,8,0,18,52,3739,0,"Англійська для навчання та роботи 1
А (Е) 4
Фролова Діана
[52]"
1025_ASTEM FOUNDATION Classroom [38],А (Е) 4,1214,6,Англійська для навчання та роботи 1,Фролова Діана,MONDAY,1,2023-12-12,11:30:00,3,547,1,1025,2,53,3739,0,"Англійська для навчання та роботи 1
А (Е) 4
Фролова Діана
[53]"
1025_ASTEM FOUNDATION Classroom [38],А (Е) 5,1215,6,Англійська для навчання та роботи 1,Коркач Дарина,WEDNESDAY,3,2023-12-14,16:30:00,6,547,1,1025,17,54,5047,0,"Англійська для навчання та роботи 1
А (Е) 5
Коркач Дарина
[54]"
1005_Genesis Growth Classroom [34],А (Е) 5,1215,6,Англійська для навчання та роботи 1,Коркач Дарина,MONDAY,1,2023-12-12,11:30:00,3,547,4,1005,2,55,5047,0,"Англійська для навчання та роботи 1
А (Е) 5
Коркач Дарина
[55]"
1025_ASTEM FOUNDATION Classroom [38],А (Е) 6,1216,6,Англійська для навчання та роботи 1,Коркач Дарина,TUESDAY,2,2023-12-13,16:30:00,6,547,1,1025,11,56,5047,0,"Англійська для навчання та роботи 1
А (Е) 6
Коркач Дарина
[56]"
0_online [10009],А (Е) 6,1216,6,Англійська для навчання та роботи 1,Коркач Дарина,MONDAY,1,2023-12-12,16:30:00,6,547,8,0,5,57,5047,0,"Англійська для навчання та роботи 1
А (Е) 6
Коркач Дарина
[57]"
1030_Roy Gartner Memorial classroom [40],А (Е) 7,1217,6,Англійська для навчання та роботи 1,Коркач Дарина,FRIDAY,5,2023-12-16,13:30:00,4,547,3,1030,27,58,5047,0,"Англійська для навчання та роботи 1
А (Е) 7
Коркач Дарина
[58]"
1002_ASTEM FOUNDATION Classroom [70],А (Е) 7,1217,6,Англійська для навчання та роботи 1,Коркач Дарина,MONDAY,1,2023-12-12,10:00:00,2,547,0,1002,1,59,5047,0,"Англійська для навчання та роботи 1
А (Е) 7
Коркач Дарина
[59]"
1010_ПУМБ Classroom [32],А (Е) 8,1218,6,Англійська для навчання та роботи 1,Коркач Дарина,TUESDAY,2,2023-12-13,13:30:00,4,547,7,1010,9,60,5047,0,"Англійська для навчання та роботи 1
А (Е) 8
Коркач Дарина
[60]"
1005_Genesis Growth Classroom [34],А (Е) 8,1218,6,Англійська для навчання та роботи 1,Коркач Дарина,THURSDAY,4,2023-12-15,15:00:00,5,547,4,1005,22,61,5047,0,"Англійська для навчання та роботи 1
А (Е) 8
Коркач Дарина
[61]"
1007_Genesis Enterpreneurship Classroom [40],ІФП,1250,6,Історія та філософія права,Сироїд Оксана,FRIDAY,5,2023-12-16,11:30:00,3,456,5,1007,26,62,5055,1,"Історія та філософія права
ІФП
Сироїд Оксана
[62]"
1005_Genesis Growth Classroom [34],ІФП,1250,6,Історія та філософія права,Сироїд Оксана,WEDNESDAY,3,2023-12-14,16:30:00,6,456,4,1005,17,63,5055,0,"Історія та філософія права
ІФП
Сироїд Оксана
[63]"
1007_Genesis Enterpreneurship Classroom [40],А (IT) 1,1202,6,Англійська для навчання та роботи 1,Скрипак Ольга,MONDAY,1,2023-12-12,16:30:00,6,547,5,1007,5,64,5046,0,"Англійська для навчання та роботи 1
А (IT) 1
Скрипак Ольга
[64]"
1005_Genesis Growth Classroom [34],А (IT) 1,1202,6,Англійська для навчання та роботи 1,Скрипак Ольга,TUESDAY,2,2023-12-13,11:30:00,3,547,4,1005,8,65,5046,0,"Англійська для навчання та роботи 1
А (IT) 1
Скрипак Ольга
[65]"
1003_TA Ventures Classroom [148],А (ІТ) 2,1203,6,Англійська для навчання та роботи 1,Скрипак Ольга,TUESDAY,2,2023-12-13,10:00:00,2,547,2,1003,7,66,5046,0,"Англійська для навчання та роботи 1
А (ІТ) 2
Скрипак Ольга
[66]"
0_online [10009],А (ІТ) 2,1203,6,Англійська для навчання та роботи 1,Скрипак Ольга,FRIDAY,5,2023-12-16,13:30:00,4,547,8,0,27,67,5046,0,"Англійська для навчання та роботи 1
А (ІТ) 2
Скрипак Ольга
[67]"
1005_Genesis Growth Classroom [34],А (IT) 3,1204,6,Англійська для навчання та роботи 1,Скрипак Ольга,THURSDAY,4,2023-12-15,15:00:00,5,547,4,1005,22,68,5046,0,"Англійська для навчання та роботи 1
А (IT) 3
Скрипак Ольга
[68]"
1009_ARZINGER Classroom [34],А (IT) 3,1204,6,Англійська для навчання та роботи 1,Скрипак Ольга,FRIDAY,5,2023-12-16,10:00:00,2,547,6,1009,25,69,5046,0,"Англійська для навчання та роботи 1
А (IT) 3
Скрипак Ольга
[69]"
1010_ПУМБ Classroom [32],А (IT) 4,1205,6,Англійська для навчання та роботи 1,Скрипак Ольга,THURSDAY,4,2023-12-15,08:30:00,1,547,7,1010,18,70,5046,0,"Англійська для навчання та роботи 1
А (IT) 4
Скрипак Ольга
[70]"
1003_TA Ventures Classroom [148],А (IT) 4,1205,6,Англійська для навчання та роботи 1,Скрипак Ольга,WEDNESDAY,3,2023-12-14,11:30:00,3,547,2,1003,14,71,5046,0,"Англійська для навчання та роботи 1
А (IT) 4
Скрипак Ольга
[71]"
1003_TA Ventures Classroom [148],А (ІТ) 5,1206,6,Англійська для навчання та роботи 1,Орищук Лідія,WEDNESDAY,3,2023-12-14,11:30:00,3,547,2,1003,14,72,5050,0,"Англійська для навчання та роботи 1
А (ІТ) 5
Орищук Лідія
[72]"
1009_ARZINGER Classroom [34],А (ІТ) 5,1206,6,Англійська для навчання та роботи 1,Орищук Лідія,FRIDAY,5,2023-12-16,13:30:00,4,547,6,1009,27,73,5050,0,"Англійська для навчання та роботи 1
А (ІТ) 5
Орищук Лідія
[73]"
1030_Roy Gartner Memorial classroom [40],А (IT) 6,1207,6,Англійська для навчання та роботи 1,Орищук Лідія,WEDNESDAY,3,2023-12-14,10:00:00,2,547,3,1030,13,74,5050,0,"Англійська для навчання та роботи 1
А (IT) 6
Орищук Лідія
[74]"
1007_Genesis Enterpreneurship Classroom [40],А (IT) 6,1207,6,Англійська для навчання та роботи 1,Орищук Лідія,WEDNESDAY,3,2023-12-14,08:30:00,1,547,5,1007,12,75,5050,0,"Англійська для навчання та роботи 1
А (IT) 6
Орищук Лідія
[75]"
1025_ASTEM FOUNDATION Classroom [38],А (IT) 7,1208,6,Англійська для навчання та роботи 1,Кір'якова Дар'я,THURSDAY,4,2023-12-15,10:00:00,2,547,1,1025,19,76,5051,0,"Англійська для навчання та роботи 1
А (IT) 7
Кір'якова Дар'я
[76]"
1030_Roy Gartner Memorial classroom [40],А (IT) 7,1208,6,Англійська для навчання та роботи 1,Кір'якова Дар'я,TUESDAY,2,2023-12-13,08:30:00,1,547,3,1030,6,77,5051,0,"Англійська для навчання та роботи 1
А (IT) 7
Кір'якова Дар'я
[77]"
1025_ASTEM FOUNDATION Classroom [38],А (IT) 8,1209,6,Англійська для навчання та роботи 1,Кір'якова Дар'я,TUESDAY,2,2023-12-13,16:30:00,6,547,1,1025,11,78,5051,0,"Англійська для навчання та роботи 1
А (IT) 8
Кір'якова Дар'я
[78]"
1003_TA Ventures Classroom [148],А (IT) 8,1209,6,Англійська для навчання та роботи 1,Кір'якова Дар'я,THURSDAY,4,2023-12-15,11:30:00,3,547,2,1003,20,79,5051,0,"Англійська для навчання та роботи 1
А (IT) 8
Кір'якова Дар'я
[79]"
1010_ПУМБ Classroom [32],ВМ (Л) 0,1280,6,Вступ до математики,Павлов Тарас,FRIDAY,5,2023-12-16,11:30:00,3,192,7,1010,26,80,3333,1,"Вступ до математики
ВМ (Л) 0
Павлов Тарас
[80]"
1005_Genesis Growth Classroom [34],ВМ (Л) 1,1227,6,Вступ до математики,Павлов Тарас,MONDAY,1,2023-12-12,08:30:00,1,192,4,1005,0,81,3333,1,"Вступ до математики
ВМ (Л) 1
Павлов Тарас
[81]"
1002_ASTEM FOUNDATION Classroom [70],ВМ (Л) 2,1228,6,Вступ до математики,Павлов Тарас,TUESDAY,2,2023-12-13,11:30:00,3,192,0,1002,8,82,3333,1,"Вступ до математики
ВМ (Л) 2
Павлов Тарас
[82]"
1005_Genesis Growth Classroom [34],ВМ (Л) 3,1229,6,Вступ до математики,Павлов Тарас,WEDNESDAY,3,2023-12-14,10:00:00,2,192,4,1005,13,83,3333,1,"Вступ до математики
ВМ (Л) 3
Павлов Тарас
[83]"
1025_ASTEM FOUNDATION Classroom [38],ВМ (Л) 4,1230,6,Вступ до математики,Павлов Тарас,WEDNESDAY,3,2023-12-14,15:00:00,5,192,1,1025,16,84,3333,1,"Вступ до математики
ВМ (Л) 4
Павлов Тарас
[84]"
1002_ASTEM FOUNDATION Classroom [70],ВМ (Л) 5,1231,6,Вступ до математики,Павлов Тарас,TUESDAY,2,2023-12-13,13:30:00,4,192,0,1002,9,85,3333,1,"Вступ до математики
ВМ (Л) 5
Павлов Тарас
[85]"
1009_ARZINGER Classroom [34],ВМ (Л) 6,1232,6,Вступ до математики,Павлов Тарас,FRIDAY,5,2023-12-16,15:00:00,5,192,6,1009,28,86,3333,1,"Вступ до математики
ВМ (Л) 6
Павлов Тарас
[86]"
1005_Genesis Growth Classroom [34],МІП,1248,6,Вступ до математики,Чоп'юк Юрій,TUESDAY,2,2023-12-13,08:30:00,1,192,4,1005,6,87,3737,1,"Вступ до математики
МІП
Чоп'юк Юрій
[87]"
1007_Genesis Enterpreneurship Classroom [40],МІП,1248,6,Вступ до математики,Павлов Тарас,WEDNESDAY,3,2023-12-14,13:30:00,4,192,5,1007,15,88,3333,0,"Вступ до математики
МІП
Павлов Тарас
[88]"
1009_ARZINGER Classroom [34],ВМ (ПІБА) 1,1191,6,Вступ до математики,Новак Антоніна,FRIDAY,5,2023-12-16,11:30:00,3,192,6,1009,26,89,3539,0,"Вступ до математики
ВМ (ПІБА) 1
Новак Антоніна
[89]"
1025_ASTEM FOUNDATION Classroom [38],ВМ (ПІБА) 1,1191,6,Вступ до математики,Новак Антоніна,WEDNESDAY,3,2023-12-14,10:00:00,2,192,1,1025,13,90,3539,0,"Вступ до математики
ВМ (ПІБА) 1
Новак Антоніна
[90]"
0_online [10009],ВМ (ПІБА) 2,1192,6,Вступ до математики,Антошина Катерина,THURSDAY,4,2023-12-15,13:30:00,4,192,8,0,21,91,5044,0,"Вступ до математики
ВМ (ПІБА) 2
Антошина Катерина
[91]"
0_online [10009],ВМ (ПІБА) 2,1192,6,Вступ до математики,Антошина Катерина,TUESDAY,2,2023-12-13,08:30:00,1,192,8,0,6,92,5044,0,"Вступ до математики
ВМ (ПІБА) 2
Антошина Катерина
[92]"
1009_ARZINGER Classroom [34],ВМ (ПІБА) 3,1193,6,Вступ до математики,Новак Антоніна,TUESDAY,2,2023-12-13,13:30:00,4,192,6,1009,9,93,3539,0,"Вступ до математики
ВМ (ПІБА) 3
Новак Антоніна
[93]"
1030_Roy Gartner Memorial classroom [40],ВМ (ПІБА) 3,1193,6,Вступ до математики,Новак Антоніна,MONDAY,1,2023-12-12,10:00:00,2,192,3,1030,1,94,3539,0,"Вступ до математики
ВМ (ПІБА) 3
Новак Антоніна
[94]"
1007_Genesis Enterpreneurship Classroom [40],ВМ0,1141,6,Вступ до математики,Грибель Ольга,WEDNESDAY,3,2023-12-14,15:00:00,5,192,5,1007,16,95,5045,0,"Вступ до математики
ВМ0
Грибель Ольга
[95]"
1010_ПУМБ Classroom [32],ВМ0,1141,6,Вступ до математики,Грибель Ольга,FRIDAY,5,2023-12-16,13:30:00,4,192,7,1010,27,96,5045,0,"Вступ до математики
ВМ0
Грибель Ольга
[96]"
1007_Genesis Enterpreneurship Classroom [40],ВМ (Ші),1189,6,Вступ до математики,Прощенко Тетяна,THURSDAY,4,2023-12-15,11:30:00,3,192,5,1007,20,97,5043,0,"Вступ до математики
ВМ (Ші)
Прощенко Тетяна
[97]"
1009_ARZINGER Classroom [34],ВМ (Ші),1189,6,Вступ до математики,Прощенко Тетяна,WEDNESDAY,3,2023-12-14,15:00:00,5,192,6,1009,16,98,5043,0,"Вступ до математики
ВМ (Ші)
Прощенко Тетяна
[98]"
1030_Roy Gartner Memorial classroom [40],ВМ (К),1190,6,Вступ до математики,Чоп'юк Юрій,THURSDAY,4,2023-12-15,08:30:00,1,192,3,1030,18,99,3737,0,"Вступ до математики
ВМ (К)
Чоп'юк Юрій
[99]"
1010_ПУМБ Classroom [32],ВМ (К),1190,6,Вступ до математики,Чоп'юк Юрій,WEDNESDAY,3,2023-12-14,10:00:00,2,192,7,1010,13,100,3737,0,"Вступ до математики
ВМ (К)
Чоп'юк Юрій
[100]"
1003_TA Ventures Classroom [148],ВМ (БЕ) 1,1195,6,Вступ до математики,Рустамова Анна,THURSDAY,4,2023-12-15,13:30:00,4,192,2,1003,21,101,5042,0,"Вступ до математики
ВМ (БЕ) 1
Рустамова Анна
[101]"
1003_TA Ventures Classroom [148],ВМ (БЕ) 1,1195,6,Вступ до математики,Рустамова Анна,MONDAY,1,2023-12-12,11:30:00,3,192,2,1003,2,102,5042,0,"Вступ до математики
ВМ (БЕ) 1
Рустамова Анна
[102]"
1025_ASTEM FOUNDATION Classroom [38],ВМ (БЕ) 2,1196,6,Вступ до математики,Прощенко Тетяна,THURSDAY,4,2023-12-15,10:00:00,2,192,1,1025,19,103,5043,0,"Вступ до математики
ВМ (БЕ) 2
Прощенко Тетяна
[103]"
1010_ПУМБ Classroom [32],ВМ (БЕ) 2,1196,6,Вступ до математики,Прощенко Тетяна,WEDNESDAY,3,2023-12-14,13:30:00,4,192,7,1010,15,104,5043,0,"Вступ до математики
ВМ (БЕ) 2
Прощенко Тетяна
[104]"
1002_ASTEM FOUNDATION Classroom [70],ВМ (БЕ) 3,1197,6,Вступ до математики,Рустамова Анна,TUESDAY,2,2023-12-13,11:30:00,3,192,0,1002,8,105,5042,0,"Вступ до математики
ВМ (БЕ) 3
Рустамова Анна
[105]"
1005_Genesis Growth Classroom [34],ВМ (БЕ) 3,1197,6,Вступ до математики,Рустамова Анна,WEDNESDAY,3,2023-12-14,08:30:00,1,192,4,1005,12,106,5042,0,"Вступ до математики
ВМ (БЕ) 3
Рустамова Анна
[106]"
1025_ASTEM FOUNDATION Classroom [38],ВМ (БЕ) 4,1198,6,Вступ до математики,Захарійченко Ліліана,WEDNESDAY,3,2023-12-14,15:00:00,5,192,1,1025,16,107,3752,0,"Вступ до математики
ВМ (БЕ) 4
Захарійченко Ліліана
[107]"
0_online [10009],ВМ (БЕ) 4,1198,6,Вступ до математики,Захарійченко Ліліана,WEDNESDAY,3,2023-12-14,08:30:00,1,192,8,0,12,108,3752,0,"Вступ до математики
ВМ (БЕ) 4
Захарійченко Ліліана
[108]"
1030_Roy Gartner Memorial classroom [40],ВМ (БЕ) 5,1199,6,Вступ до математики,Захарійченко Ліліана,TUESDAY,2,2023-12-13,11:30:00,3,192,3,1030,8,109,3752,0,"Вступ до математики
ВМ (БЕ) 5
Захарійченко Ліліана
[109]"
1003_TA Ventures Classroom [148],ВМ (БЕ) 5,1199,6,Вступ до математики,Захарійченко Ліліана,FRIDAY,5,2023-12-16,08:30:00,1,192,2,1003,24,110,3752,0,"Вступ до математики
ВМ (БЕ) 5
Захарійченко Ліліана
[110]"
1007_Genesis Enterpreneurship Classroom [40],ВМ (ЕБД) 1,1200,6,Вступ до математики,Чоп'юк Юрій,FRIDAY,5,2023-12-16,13:30:00,4,192,5,1007,27,111,3737,0,"Вступ до математики
ВМ (ЕБД) 1
Чоп'юк Юрій
[111]"
1010_ПУМБ Classroom [32],ВМ (ЕБД) 1,1200,6,Вступ до математики,Чоп'юк Юрій,WEDNESDAY,3,2023-12-14,15:00:00,5,192,7,1010,16,112,3737,0,"Вступ до математики
ВМ (ЕБД) 1
Чоп'юк Юрій
[112]"
0_online [10009],ВМ (ЕБД) 2,1201,6,Вступ до математики,Чоп'юк Юрій,FRIDAY,5,2023-12-16,15:00:00,5,192,8,0,28,113,3737,0,"Вступ до математики
ВМ (ЕБД) 2
Чоп'юк Юрій
[113]"
0_online [10009],ВМ (ЕБД) 2,1201,6,Вступ до математики,Чоп'юк Юрій,WEDNESDAY,3,2023-12-14,16:30:00,6,192,8,0,17,114,3737,0,"Вступ до математики
ВМ (ЕБД) 2
Чоп'юк Юрій
[114]"
1003_TA Ventures Classroom [148],ОП,1272,6,Основи програмування,Коротенко Артем,MONDAY,1,2023-12-12,15:00:00,5,193,2,1003,4,115,3221,1,"Основи програмування
ОП
Коротенко Артем
[115]"
0_online [10009],ОП,1272,6,Основи програмування,Коротенко Артем,WEDNESDAY,3,2023-12-14,16:30:00,6,193,8,0,17,116,3221,1,"Основи програмування
ОП
Коротенко Артем
[116]"
0_online [10009],ОП (П) 1,1285,6,Основи програмування,Насінник Андрій,WEDNESDAY,3,2023-12-14,08:30:00,1,193,8,0,12,117,5163,0,"Основи програмування
ОП (П) 1
Насінник Андрій
[117]"
1010_ПУМБ Classroom [32],ОП (П) 1,1285,6,Основи програмування,Насінник Андрій,WEDNESDAY,3,2023-12-14,15:00:00,5,193,7,1010,16,118,5163,0,"Основи програмування
ОП (П) 1
Насінник Андрій
[118]"
1025_ASTEM FOUNDATION Classroom [38],ОП (П) 2,1286,6,Основи програмування,Радченко Олексій,FRIDAY,5,2023-12-16,11:30:00,3,193,1,1025,26,119,5161,0,"Основи програмування
ОП (П) 2
Радченко Олексій
[119]"
1002_ASTEM FOUNDATION Classroom [70],ОП (П) 2,1286,6,Основи програмування,Радченко Олексій,FRIDAY,5,2023-12-16,10:00:00,2,193,0,1002,25,120,5161,0,"Основи програмування
ОП (П) 2
Радченко Олексій
[120]"
0_online [10009],ОП (П) 3,1287,6,Основи програмування,Бардін Владислав,FRIDAY,5,2023-12-16,13:30:00,4,193,8,0,27,121,5160,0,"Основи програмування
ОП (П) 3
Бардін Владислав
[121]"
1002_ASTEM FOUNDATION Classroom [70],ОП (П) 3,1287,6,Основи програмування,Бардін Владислав,TUESDAY,2,2023-12-13,11:30:00,3,193,0,1002,8,122,5160,0,"Основи програмування
ОП (П) 3
Бардін Владислав
[122]"
0_online [10009],ОП (П) 4,1288,6,Основи програмування,Огойко Микола,THURSDAY,4,2023-12-15,16:30:00,6,193,8,0,23,123,5162,0,"Основи програмування
ОП (П) 4
Огойко Микола
[123]"
1003_TA Ventures Classroom [148],ОП (П) 4,1288,6,Основи програмування,Огойко Микола,WEDNESDAY,3,2023-12-14,13:30:00,4,193,2,1003,15,124,5162,0,"Основи програмування
ОП (П) 4
Огойко Микола
[124]"
1010_ПУМБ Classroom [32],ОП (П) 5,1289,6,Основи програмування,Бардін Владислав,FRIDAY,5,2023-12-16,15:00:00,5,193,7,1010,28,125,5160,0,"Основи програмування
ОП (П) 5
Бардін Владислав
[125]"
1007_Genesis Enterpreneurship Classroom [40],ОП (П) 5,1289,6,Основи програмування,Бардін Владислав,TUESDAY,2,2023-12-13,16:30:00,6,193,5,1007,11,126,5160,0,"Основи програмування
ОП (П) 5
Бардін Владислав
[126]"
1007_Genesis Enterpreneurship Classroom [40],ОП (П) 6,1317,6,Основи програмування,Бардін Владислав,THURSDAY,4,2023-12-15,11:30:00,3,193,5,1007,20,127,5160,0,"Основи програмування
ОП (П) 6
Бардін Владислав
[127]"
1007_Genesis Enterpreneurship Classroom [40],ОП (П) 6,1317,6,Основи програмування,Бардін Владислав,FRIDAY,5,2023-12-16,16:30:00,6,193,5,1007,29,128,5160,0,"Основи програмування
ОП (П) 6
Бардін Владислав
[128]"
1007_Genesis Enterpreneurship Classroom [40],ВМ (Т) 1,1275,6,Вступ до математики,Павлов Тарас,FRIDAY,5,2023-12-16,08:30:00,1,192,5,1007,24,129,3333,0,"Вступ до математики
ВМ (Т) 1
Павлов Тарас
[129]"
1030_Roy Gartner Memorial classroom [40],ВМ (Т) 2,1276,6,Вступ до математики,Павлов Тарас,MONDAY,1,2023-12-12,10:00:00,2,192,3,1030,1,130,3333,0,"Вступ до математики
ВМ (Т) 2
Павлов Тарас
[130]"
1030_Roy Gartner Memorial classroom [40],ВМ (Т) 3,1277,6,Вступ до математики,Павлов Тарас,WEDNESDAY,3,2023-12-14,11:30:00,3,192,3,1030,14,131,3333,0,"Вступ до математики
ВМ (Т) 3
Павлов Тарас
[131]"
1003_TA Ventures Classroom [148],ВМ (Т) 4,1278,6,Вступ до математики,Павлов Тарас,THURSDAY,4,2023-12-15,11:30:00,3,192,2,1003,20,132,3333,0,"Вступ до математики
ВМ (Т) 4
Павлов Тарас
[132]"
1005_Genesis Growth Classroom [34],ІТЕ (Л) 1,1306,6,Основи ІТ для бізнесу,Давидко Василь,FRIDAY,5,2023-12-16,16:30:00,6,570,4,1005,29,133,5052,1,"Основи ІТ для бізнесу
ІТЕ (Л) 1
Давидко Василь
[133]"
0_online [10009],ІТЕ (Л) 1,1306,6,Основи ІТ для бізнесу,Давидко Василь,TUESDAY,2,2023-12-13,10:00:00,2,570,8,0,7,134,5052,1,"Основи ІТ для бізнесу
ІТЕ (Л) 1
Давидко Василь
[134]"
1002_ASTEM FOUNDATION Classroom [70],ІТЕ (Л)2,1307,6,Основи ІТ для бізнесу,Давидко Василь,THURSDAY,4,2023-12-15,10:00:00,2,570,0,1002,19,135,5052,1,"Основи ІТ для бізнесу
ІТЕ (Л)2
Давидко Василь
[135]"
1009_ARZINGER Classroom [34],ІТЕ (Л)2,1307,6,Основи ІТ для бізнесу,Давидко Василь,FRIDAY,5,2023-12-16,10:00:00,2,570,6,1009,25,136,5052,1,"Основи ІТ для бізнесу
ІТЕ (Л)2
Давидко Василь
[136]"
1010_ПУМБ Classroom [32],ПП,1257,6,Парадигми програмування,Яременко Вадим,TUESDAY,2,2023-12-13,11:30:00,3,233,7,1010,8,137,3727,0,"Парадигми програмування
ПП
Яременко Вадим
[137]"
1025_ASTEM FOUNDATION Classroom [38],ПП,1257,6,Парадигми програмування,Яременко Вадим,TUESDAY,2,2023-12-13,10:00:00,2,233,1,1025,7,138,3727,0,"Парадигми програмування
ПП
Яременко Вадим
[138]"
0_online [10009],ПП,1257,6,Парадигми програмування,Яременко Вадим,MONDAY,1,2023-12-12,11:30:00,3,233,8,0,2,139,3727,1,"Парадигми програмування
ПП
Яременко Вадим
[139]"
1025_ASTEM FOUNDATION Classroom [38],ПП,1257,6,Парадигми програмування,Яременко Вадим,TUESDAY,2,2023-12-13,08:30:00,1,233,1,1025,6,140,3727,1,"Парадигми програмування
ПП
Яременко Вадим
[140]"
1009_ARZINGER Classroom [34],ВТ,1258,6,Веб-технології,Сеник Юлія,TUESDAY,2,2023-12-13,15:00:00,5,464,6,1009,10,141,5063,0,"Веб-технології
ВТ
Сеник Юлія
[141]"
1007_Genesis Enterpreneurship Classroom [40],ВТ,1258,6,Веб-технології,Сеник Юлія,WEDNESDAY,3,2023-12-14,11:30:00,3,464,5,1007,14,142,5063,0,"Веб-технології
ВТ
Сеник Юлія
[142]"
1010_ПУМБ Classroom [32],ВТ,1258,6,Веб-технології,Сеник Юлія,FRIDAY,5,2023-12-16,11:30:00,3,464,7,1010,26,143,5063,1,"Веб-технології
ВТ
Сеник Юлія
[143]"
1002_ASTEM FOUNDATION Classroom [70],ВТ,1258,6,Веб-технології,Сеник Юлія,FRIDAY,5,2023-12-16,10:00:00,2,464,0,1002,25,144,5063,1,"Веб-технології
ВТ
Сеник Юлія
[144]"
1007_Genesis Enterpreneurship Classroom [40],Мі,1255,6,Мікроекономіка II,Махова Галина,FRIDAY,5,2023-12-16,13:30:00,4,203,5,1007,27,145,3753,0,"Мікроекономіка II
Мі
Махова Галина
[145]"
1003_TA Ventures Classroom [148],Мі,1255,6,Мікроекономіка II,Махова Галина,MONDAY,1,2023-12-12,11:30:00,3,203,2,1003,2,146,3753,0,"Мікроекономіка II
Мі
Махова Галина
[146]"
1003_TA Ventures Classroom [148],Мі,1255,6,Мікроекономіка II,Махова Галина,TUESDAY,2,2023-12-13,11:30:00,3,203,2,1003,8,147,3753,1,"Мікроекономіка II
Мі
Махова Галина
[147]"
1009_ARZINGER Classroom [34],Мі,1255,6,Мікроекономіка II,Махова Галина,WEDNESDAY,3,2023-12-14,10:00:00,2,203,6,1009,13,148,3753,1,"Мікроекономіка II
Мі
Махова Галина
[148]"
1005_Genesis Growth Classroom [34],МЕЗ ALL,1367,6,Математика для економічних застосувань ІІ,Аксьонов Михайло,TUESDAY,2,2023-12-13,15:00:00,5,202,4,1005,10,149,5059,1,"Математика для економічних застосувань ІІ
МЕЗ ALL
Аксьонов Михайло
[149]"
1003_TA Ventures Classroom [148],МЕЗ ALL,1367,6,Математика для економічних застосувань ІІ,Аксьонов Михайло,TUESDAY,2,2023-12-13,13:30:00,4,202,2,1003,9,150,5059,1,"Математика для економічних застосувань ІІ
МЕЗ ALL
Аксьонов Михайло
[150]"
1002_ASTEM FOUNDATION Classroom [70],МЕЗ онлайн,1253,6,Математика для економічних застосувань ІІ,Аксьонов Михайло,WEDNESDAY,3,2023-12-14,15:00:00,5,202,0,1002,16,151,5059,0,"Математика для економічних застосувань ІІ
МЕЗ онлайн
Аксьонов Михайло
[151]"
1002_ASTEM FOUNDATION Classroom [70],МЕЗ онлайн,1253,6,Математика для економічних застосувань ІІ,Аксьонов Михайло,THURSDAY,4,2023-12-15,08:30:00,1,202,0,1002,18,152,5059,0,"Математика для економічних застосувань ІІ
МЕЗ онлайн
Аксьонов Михайло
[152]"
1010_ПУМБ Classroom [32],МЕЗ (П) 1,1273,6,Математика для економічних застосувань ІІ,Дашков Олександр,FRIDAY,5,2023-12-16,08:30:00,1,202,7,1010,24,153,5060,0,"Математика для економічних застосувань ІІ
МЕЗ (П) 1
Дашков Олександр
[153]"
0_online [10009],МЕЗ (П) 1,1273,6,Математика для економічних застосувань ІІ,Дашков Олександр,MONDAY,1,2023-12-12,08:30:00,1,202,8,0,0,154,5060,0,"Математика для економічних застосувань ІІ
МЕЗ (П) 1
Дашков Олександр
[154]"
1009_ARZINGER Classroom [34],МЕЗ (П) 2,1274,6,Математика для економічних застосувань ІІ,Дашков Олександр,TUESDAY,2,2023-12-13,08:30:00,1,202,6,1009,6,155,5060,0,"Математика для економічних застосувань ІІ
МЕЗ (П) 2
Дашков Олександр
[155]"
1003_TA Ventures Classroom [148],МЕЗ (П) 2,1274,6,Математика для економічних застосувань ІІ,Дашков Олександр,WEDNESDAY,3,2023-12-14,15:00:00,5,202,2,1003,16,156,5060,0,"Математика для економічних застосувань ІІ
МЕЗ (П) 2
Дашков Олександр
[156]"
1007_Genesis Enterpreneurship Classroom [40],ОПІ,1259,6,Основи програмної інженерії,Подколзін Андрій,THURSDAY,4,2023-12-15,10:00:00,2,344,5,1007,19,157,5064,1,"Основи програмної інженерії
ОПІ
Подколзін Андрій
[157]"
1002_ASTEM FOUNDATION Classroom [70],ОПІ,1259,6,Основи програмної інженерії,Подколзін Андрій,MONDAY,1,2023-12-12,08:30:00,1,344,0,1002,0,158,5064,1,"Основи програмної інженерії
ОПІ
Подколзін Андрій
[158]"
1010_ПУМБ Classroom [32],ОПІ,1259,6,Основи програмної інженерії,Подколзін Андрій,MONDAY,1,2023-12-12,10:00:00,2,344,7,1010,1,159,5064,0,"Основи програмної інженерії
ОПІ
Подколзін Андрій
[159]"
1005_Genesis Growth Classroom [34],ОПІ,1259,6,Основи програмної інженерії,Подколзін Андрій,FRIDAY,5,2023-12-16,08:30:00,1,344,4,1005,24,160,5064,0,"Основи програмної інженерії
ОПІ
Подколзін Андрій
[160]"
1030_Roy Gartner Memorial classroom [40],ЙС (П) 0,1304,6,Імовірність і статистика,Дашков Олександр,FRIDAY,5,2023-12-16,16:30:00,6,205,3,1030,29,161,5060,0,"Імовірність і статистика
ЙС (П) 0
Дашков Олександр
[161]"
1030_Roy Gartner Memorial classroom [40],ЙС (П) 0,1304,6,Імовірність і статистика,Дашков Олександр,THURSDAY,4,2023-12-15,16:30:00,6,205,3,1030,23,162,5060,0,"Імовірність і статистика
ЙС (П) 0
Дашков Олександр
[162]"
1010_ПУМБ Classroom [32],ЙС (П)1,1300,6,Імовірність і статистика,Горовой Микита,WEDNESDAY,3,2023-12-14,08:30:00,1,205,7,1010,12,163,5061,0,"Імовірність і статистика
ЙС (П)1
Горовой Микита
[163]"
1007_Genesis Enterpreneurship Classroom [40],ЙС (П)1,1300,6,Імовірність і статистика,Горовой Микита,THURSDAY,4,2023-12-15,10:00:00,2,205,5,1007,19,164,5061,0,"Імовірність і статистика
ЙС (П)1
Горовой Микита
[164]"
1002_ASTEM FOUNDATION Classroom [70],ЙС (П)2,1301,6,Імовірність і статистика,Глазунов Анатолій,THURSDAY,4,2023-12-15,16:30:00,6,205,0,1002,23,165,2371,0,"Імовірність і статистика
ЙС (П)2
Глазунов Анатолій
[165]"
0_online [10009],ЙС (П)2,1301,6,Імовірність і статистика,Глазунов Анатолій,FRIDAY,5,2023-12-16,13:30:00,4,205,8,0,27,166,2371,0,"Імовірність і статистика
ЙС (П)2
Глазунов Анатолій
[166]"
1010_ПУМБ Classroom [32],ЙС (П)3,1302,6,Імовірність і статистика,Аксьонов Михайло,WEDNESDAY,3,2023-12-14,13:30:00,4,205,7,1010,15,167,5059,0,"Імовірність і статистика
ЙС (П)3
Аксьонов Михайло
[167]"
1002_ASTEM FOUNDATION Classroom [70],ЙС (П)3,1302,6,Імовірність і статистика,Аксьонов Михайло,WEDNESDAY,3,2023-12-14,08:30:00,1,205,0,1002,12,168,5059,0,"Імовірність і статистика
ЙС (П)3
Аксьонов Михайло
[168]"
1007_Genesis Enterpreneurship Classroom [40],ЙС ALL,1366,6,Імовірність і статистика,Дашков Олександр,MONDAY,1,2023-12-12,16:30:00,6,205,5,1007,5,169,5060,1,"Імовірність і статистика
ЙС ALL
Дашков Олександр
[169]"
1010_ПУМБ Classroom [32],ЙС ALL,1366,6,Імовірність і статистика,Дашков Олександр,TUESDAY,2,2023-12-13,13:30:00,4,205,7,1010,9,170,5060,1,"Імовірність і статистика
ЙС ALL
Дашков Олександр
[170]"
1009_ARZINGER Classroom [34],ЕМ,1290,6,Економетрика,Таміліна Лариса,MONDAY,1,2023-12-12,10:00:00,2,216,6,1009,1,171,4001,1,"Економетрика
ЕМ
Таміліна Лариса
[171]"
1025_ASTEM FOUNDATION Classroom [38],ЕМ,1290,6,Економетрика,Таміліна Лариса,FRIDAY,5,2023-12-16,11:30:00,3,216,1,1025,26,172,4001,1,"Економетрика
ЕМ
Таміліна Лариса
[172]"
1002_ASTEM FOUNDATION Classroom [70],ЕМ 1,1368,6,Економетрика,Таміліна Лариса,MONDAY,1,2023-12-12,11:30:00,3,216,0,1002,2,173,4001,0,"Економетрика
ЕМ 1
Таміліна Лариса
[173]"
1003_TA Ventures Classroom [148],ЕМ 1,1368,6,Економетрика,Таміліна Лариса,WEDNESDAY,3,2023-12-14,13:30:00,4,216,2,1003,15,174,4001,0,"Економетрика
ЕМ 1
Таміліна Лариса
[174]"
1002_ASTEM FOUNDATION Classroom [70],ЕМ 0,1279,6,Економетрика,Нікуліна Олена,FRIDAY,5,2023-12-16,13:30:00,4,216,0,1002,27,175,5065,0,"Економетрика
ЕМ 0
Нікуліна Олена
[175]"
1010_ПУМБ Classroom [32],ЕМ 0,1279,6,Економетрика,Нікуліна Олена,MONDAY,1,2023-12-12,11:30:00,3,216,7,1010,2,176,5065,0,"Економетрика
ЕМ 0
Нікуліна Олена
[176]"
1010_ПУМБ Classroom [32],ДПСН,1262,6,Дослідницький проект у соціальних науках,Таміліна Лариса,WEDNESDAY,3,2023-12-14,10:00:00,2,357,7,1010,13,177,4001,1,"Дослідницький проект у соціальних науках
ДПСН
Таміліна Лариса
[177]"
1002_ASTEM FOUNDATION Classroom [70],ДПСН,1262,6,Дослідницький проект у соціальних науках,Таміліна Лариса,FRIDAY,5,2023-12-16,10:00:00,2,357,0,1002,25,178,4001,1,"Дослідницький проект у соціальних науках
ДПСН
Таміліна Лариса
[178]"
1030_Roy Gartner Memorial classroom [40],ДПСН,1262,6,Дослідницький проект у соціальних науках,Таміліна Лариса,WEDNESDAY,3,2023-12-14,11:30:00,3,357,3,1030,14,179,4001,0,"Дослідницький проект у соціальних науках
ДПСН
Таміліна Лариса
[179]"
1007_Genesis Enterpreneurship Classroom [40],ДПСН,1262,6,Дослідницький проект у соціальних науках,Таміліна Лариса,THURSDAY,4,2023-12-15,10:00:00,2,357,5,1007,19,180,4001,0,"Дослідницький проект у соціальних науках
ДПСН
Таміліна Лариса
[180]"
1007_Genesis Enterpreneurship Classroom [40],АЧР,1264,6,Аналіз часових рядів,Круковець Дмитро,THURSDAY,4,2023-12-15,15:00:00,5,222,5,1007,22,181,4002,0,"Аналіз часових рядів
АЧР
Круковець Дмитро
[181]"
1007_Genesis Enterpreneurship Classroom [40],ПМ,1263,6,Управління проектами,Відякін Михайло,FRIDAY,5,2023-12-16,11:30:00,3,559,5,1007,26,182,5066,1,"Управління проектами
ПМ
Відякін Михайло
[182]"
1010_ПУМБ Classroom [32],ПМ,1263,6,Управління проектами,Відякін Михайло,MONDAY,1,2023-12-12,16:30:00,6,559,7,1010,5,183,5066,1,"Управління проектами
ПМ
Відякін Михайло
[183]"
1003_TA Ventures Classroom [148],ПМ,1263,6,Управління проектами,Відякін Михайло,TUESDAY,2,2023-12-13,11:30:00,3,559,2,1003,8,184,5066,0,"Управління проектами
ПМ
Відякін Михайло
[184]"
0_online [10009],ПМ,1263,6,Управління проектами,Відякін Михайло,THURSDAY,4,2023-12-15,11:30:00,3,559,8,0,20,185,5066,0,"Управління проектами
ПМ
Відякін Михайло
[185]"
1025_ASTEM FOUNDATION Classroom [38],ВМ (П),1271,6,Вступ до математики,Павлов Тарас,THURSDAY,4,2023-12-15,15:00:00,5,192,1,1025,22,186,3333,0,"Вступ до математики
ВМ (П)
Павлов Тарас
[186]"
1002_ASTEM FOUNDATION Classroom [70],ВР,1132,6,Вступ до релігієзнавства,Нікіфоров Карен,THURSDAY,4,2023-12-15,08:30:00,1,349,0,1002,18,187,5210,1,"Вступ до релігієзнавства
ВР
Нікіфоров Карен
[187]"
1009_ARZINGER Classroom [34],ВР,1132,6,Вступ до релігієзнавства,Нікіфоров Карен,MONDAY,1,2023-12-12,13:30:00,4,349,6,1009,3,188,5210,1,"Вступ до релігієзнавства
ВР
Нікіфоров Карен
[188]"
1003_TA Ventures Classroom [148],ВР,1132,6,Вступ до релігієзнавства,Нікіфоров Карен,THURSDAY,4,2023-12-15,13:30:00,4,349,2,1003,21,189,5210,0,"Вступ до релігієзнавства
ВР
Нікіфоров Карен
[189]"
0_online [10009],ВР,1132,6,Вступ до релігієзнавства,Нікіфоров Карен,WEDNESDAY,3,2023-12-14,08:30:00,1,349,8,0,12,190,5210,0,"Вступ до релігієзнавства
ВР
Нікіфоров Карен
[190]"
1030_Roy Gartner Memorial classroom [40],БА,1309,6,Бізнес-аналіз,Несторак Володимир,TUESDAY,2,2023-12-13,16:30:00,6,241,3,1030,11,191,5067,1,"Бізнес-аналіз
БА
Несторак Володимир
[191]"
1009_ARZINGER Classroom [34],БА,1309,6,Бізнес-аналіз,Несторак Володимир,WEDNESDAY,3,2023-12-14,16:30:00,6,241,6,1009,17,192,5067,0,"Бізнес-аналіз
БА
Несторак Володимир
[192]"
0_online [10009],АПД,1315,6,Актуальні проблеми довкілля,Дацюк Інна,FRIDAY,5,2023-12-16,15:00:00,5,445,8,0,28,193,5214,0,"Актуальні проблеми довкілля
АПД
Дацюк Інна
[193]"
1009_ARZINGER Classroom [34],АПД,1315,6,Актуальні проблеми довкілля,Дацюк Інна,FRIDAY,5,2023-12-16,16:30:00,6,445,6,1009,29,194,5214,0,"Актуальні проблеми довкілля
АПД
Дацюк Інна
[194]"
1010_ПУМБ Classroom [32],АПД,1315,6,Актуальні проблеми довкілля,Дацюк Інна,TUESDAY,2,2023-12-13,10:00:00,2,445,7,1010,7,195,5214,0,"Актуальні проблеми довкілля
АПД
Дацюк Інна
[195]"
