day,start_time,student_group 1007_Genesis Enterpreneurship Classroom [40] 0,student_group 1025_ASTEM FOUNDATION Classroom [38] 0,student_group 1009_ARZINGER Classroom [34] 0,student_group 1003_TA Ventures Classroom [148] 0,student_group 1005_Genesis Growth Classroom [34] 0,student_group 0_online [10009] 0,student_group 1010_ПУМБ Classroom [32] 0,student_group 1030_Roy Gartner Memorial classroom [40] 0,student_group 1002_ASTEM FOUNDATION Classroom [70] 0,student_group 0_online [10009] 1,student_group_id 1007_Genesis Enterpreneurship Classroom [40] 0,student_group_id 1025_ASTEM FOUNDATION Classroom [38] 0,student_group_id 1009_ARZINGER Classroom [34] 0,student_group_id 1003_TA Ventures Classroom [148] 0,student_group_id 1005_Genesis Growth Classroom [34] 0,student_group_id 0_online [10009] 0,student_group_id 1010_ПУМБ Classroom [32] 0,student_group_id 1030_Roy Gartner Memorial classroom [40] 0,student_group_id 1002_ASTEM FOUNDATION Classroom [70] 0,student_group_id 0_online [10009] 1,div 1007_Genesis Enterpreneurship Classroom [40] 0,div 1025_ASTEM FOUNDATION Classroom [38] 0,div 1009_ARZINGER Classroom [34] 0,div 1003_TA Ventures Classroom [148] 0,div 1005_Genesis Growth Classroom [34] 0,div 0_online [10009] 0,div 1010_ПУМБ Classroom [32] 0,div 1030_Roy Gartner Memorial classroom [40] 0,div 1002_ASTEM FOUNDATION Classroom [70] 0,div 0_online [10009] 1,subject 1007_Genesis Enterpreneurship Classroom [40] 0,subject 1025_ASTEM FOUNDATION Classroom [38] 0,subject 1009_ARZINGER Classroom [34] 0,subject 1003_TA Ventures Classroom [148] 0,subject 1005_Genesis Growth Classroom [34] 0,subject 0_online [10009] 0,subject 1010_ПУМБ Classroom [32] 0,subject 1030_Roy Gartner Memorial classroom [40] 0,subject 1002_ASTEM FOUNDATION Classroom [70] 0,subject 0_online [10009] 1,teacher 1007_Genesis Enterpreneurship Classroom [40] 0,teacher 1025_ASTEM FOUNDATION Classroom [38] 0,teacher 1009_ARZINGER Classroom [34] 0,teacher 1003_TA Ventures Classroom [148] 0,teacher 1005_Genesis Growth Classroom [34] 0,teacher 0_online [10009] 0,teacher 1010_ПУМБ Classroom [32] 0,teacher 1030_Roy Gartner Memorial classroom [40] 0,teacher 1002_ASTEM FOUNDATION Classroom [70] 0,teacher 0_online [10009] 1,day_of_week 1007_Genesis Enterpreneurship Classroom [40] 0,day_of_week 1025_ASTEM FOUNDATION Classroom [38] 0,day_of_week 1009_ARZINGER Classroom [34] 0,day_of_week 1003_TA Ventures Classroom [148] 0,day_of_week 1005_Genesis Growth Classroom [34] 0,day_of_week 0_online [10009] 0,day_of_week 1010_ПУМБ Classroom [32] 0,day_of_week 1030_Roy Gartner Memorial classroom [40] 0,day_of_week 1002_ASTEM FOUNDATION Classroom [70] 0,day_of_week 0_online [10009] 1,lesson_date 1007_Genesis Enterpreneurship Classroom [40] 0,lesson_date 1025_ASTEM FOUNDATION Classroom [38] 0,lesson_date 1009_ARZINGER Classroom [34] 0,lesson_date 1003_TA Ventures Classroom [148] 0,lesson_date 1005_Genesis Growth Classroom [34] 0,lesson_date 0_online [10009] 0,lesson_date 1010_ПУМБ Classroom [32] 0,lesson_date 1030_Roy Gartner Memorial classroom [40] 0,lesson_date 1002_ASTEM FOUNDATION Classroom [70] 0,lesson_date 0_online [10009] 1,num_pair 1007_Genesis Enterpreneurship Classroom [40] 0,num_pair 1025_ASTEM FOUNDATION Classroom [38] 0,num_pair 1009_ARZINGER Classroom [34] 0,num_pair 1003_TA Ventures Classroom [148] 0,num_pair 1005_Genesis Growth Classroom [34] 0,num_pair 0_online [10009] 0,num_pair 1010_ПУМБ Classroom [32] 0,num_pair 1030_Roy Gartner Memorial classroom [40] 0,num_pair 1002_ASTEM FOUNDATION Classroom [70] 0,num_pair 0_online [10009] 1,lesson_id 1007_Genesis Enterpreneurship Classroom [40] 0,lesson_id 1025_ASTEM FOUNDATION Classroom [38] 0,lesson_id 1009_ARZINGER Classroom [34] 0,lesson_id 1003_TA Ventures Classroom [148] 0,lesson_id 1005_Genesis Growth Classroom [34] 0,lesson_id 0_online [10009] 0,lesson_id 1010_ПУМБ Classroom [32] 0,lesson_id 1030_Roy Gartner Memorial classroom [40] 0,lesson_id 1002_ASTEM FOUNDATION Classroom [70] 0,lesson_id 0_online [10009] 1,is_online 1007_Genesis Enterpreneurship Classroom [40] 0,is_online 1025_ASTEM FOUNDATION Classroom [38] 0,is_online 1009_ARZINGER Classroom [34] 0,is_online 1003_TA Ventures Classroom [148] 0,is_online 1005_Genesis Growth Classroom [34] 0,is_online 0_online [10009] 0,is_online 1010_ПУМБ Classroom [32] 0,is_online 1030_Roy Gartner Memorial classroom [40] 0,is_online 1002_ASTEM FOUNDATION Classroom [70] 0,is_online 0_online [10009] 1,room_id 1007_Genesis Enterpreneurship Classroom [40] 0,room_id 1025_ASTEM FOUNDATION Classroom [38] 0,room_id 1009_ARZINGER Classroom [34] 0,room_id 1003_TA Ventures Classroom [148] 0,room_id 1005_Genesis Growth Classroom [34] 0,room_id 0_online [10009] 0,room_id 1010_ПУМБ Classroom [32] 0,room_id 1030_Roy Gartner Memorial classroom [40] 0,room_id 1002_ASTEM FOUNDATION Classroom [70] 0,room_id 0_online [10009] 1,auditory_id 1007_Genesis Enterpreneurship Classroom [40] 0,auditory_id 1025_ASTEM FOUNDATION Classroom [38] 0,auditory_id 1009_ARZINGER Classroom [34] 0,auditory_id 1003_TA Ventures Classroom [148] 0,auditory_id 1005_Genesis Growth Classroom [34] 0,auditory_id 0_online [10009] 0,auditory_id 1010_ПУМБ Classroom [32] 0,auditory_id 1030_Roy Gartner Memorial classroom [40] 0,auditory_id 1002_ASTEM FOUNDATION Classroom [70] 0,auditory_id 0_online [10009] 1,time_slot_id 1007_Genesis Enterpreneurship Classroom [40] 0,time_slot_id 1025_ASTEM FOUNDATION Classroom [38] 0,time_slot_id 1009_ARZINGER Classroom [34] 0,time_slot_id 1003_TA Ventures Classroom [148] 0,time_slot_id 1005_Genesis Growth Classroom [34] 0,time_slot_id 0_online [10009] 0,time_slot_id 1010_ПУМБ Classroom [32] 0,time_slot_id 1030_Roy Gartner Memorial classroom [40] 0,time_slot_id 1002_ASTEM FOUNDATION Classroom [70] 0,time_slot_id 0_online [10009] 1,schedule_id 1007_Genesis Enterpreneurship Classroom [40] 0,schedule_id 1025_ASTEM FOUNDATION Classroom [38] 0,schedule_id 1009_ARZINGER Classroom [34] 0,schedule_id 1003_TA Ventures Classroom [148] 0,schedule_id 1005_Genesis Growth Classroom [34] 0,schedule_id 0_online [10009] 0,schedule_id 1010_ПУМБ Classroom [32] 0,schedule_id 1030_Roy Gartner Memorial classroom [40] 0,schedule_id 1002_ASTEM FOUNDATION Classroom [70] 0,schedule_id 0_online [10009] 1,teacher_id 1007_Genesis Enterpreneurship Classroom [40] 0,teacher_id 1025_ASTEM FOUNDATION Classroom [38] 0,teacher_id 1009_ARZINGER Classroom [34] 0,teacher_id 1003_TA Ventures Classroom [148] 0,teacher_id 1005_Genesis Growth Classroom [34] 0,teacher_id 0_online [10009] 0,teacher_id 1010_ПУМБ Classroom [32] 0,teacher_id 1030_Roy Gartner Memorial classroom [40] 0,teacher_id 1002_ASTEM FOUNDATION Classroom [70] 0,teacher_id 0_online [10009] 1,is_lection 1007_Genesis Enterpreneurship Classroom [40] 0,is_lection 1025_ASTEM FOUNDATION Classroom [38] 0,is_lection 1009_ARZINGER Classroom [34] 0,is_lection 1003_TA Ventures Classroom [148] 0,is_lection 1005_Genesis Growth Classroom [34] 0,is_lection 0_online [10009] 0,is_lection 1010_ПУМБ Classroom [32] 0,is_lection 1030_Roy Gartner Memorial classroom [40] 0,is_lection 1002_ASTEM FOUNDATION Classroom [70] 0,is_lection 0_online [10009] 1,text 1007_Genesis Enterpreneurship Classroom [40] 0,text 1025_ASTEM FOUNDATION Classroom [38] 0,text 1009_ARZINGER Classroom [34] 0,text 1003_TA Ventures Classroom [148] 0,text 1005_Genesis Growth Classroom [34] 0,text 0_online [10009] 0,text 1010_ПУМБ Classroom [32] 0,text 1030_Roy Gartner Memorial classroom [40] 0,text 1002_ASTEM FOUNDATION Classroom [70] 0,text 0_online [10009] 1
MONDAY,08:30:00,ОП (П) 6,,,ІУ (Л) 1,ОПІ,,ВМ (Л) 1,,А (П) 2,,1317.0,,,1233.0,1259.0,,1227.0,,1224.0,,6.0,,,6.0,6.0,,6.0,,6.0,,Основи програмування,,,Сучасна історія України,Основи програмної інженерії,,Вступ до математики,,Англійська для навчання та роботи 1,,Бардін Владислав,,,Стадний Єгор,Подколзін Андрій,,Павлов Тарас,,Князь Ганна,,1.0,,,1.0,1.0,,1.0,,1.0,,2023-12-12,,,2023-12-12,2023-12-12,,2023-12-12,,2023-12-12,,1.0,,,1.0,1.0,,1.0,,1.0,,193.0,,,339.0,344.0,,192.0,,547.0,,офлайн,,,офлайн,офлайн,,офлайн,,офлайн,,5.0,,,2.0,4.0,,7.0,,0.0,,1007.0,,,1003.0,1005.0,,1010.0,,1002.0,,0.0,,,0.0,0.0,,0.0,,0.0,,127.0,,,23.0,159.0,,81.0,,21.0,,5160.0,,,3434.0,5064.0,,3333.0,,5048.0,,практика,,,лекція,практика,,лекція,,практика,,"Основи програмування
ОП (П) 6
Бардін Владислав
практика
офлайн
[127]",,,"Сучасна історія України
ІУ (Л) 1
Стадний Єгор
лекція
офлайн
[23]","Основи програмної інженерії
ОПІ
Подколзін Андрій
практика
офлайн
[159]",,"Вступ до математики
ВМ (Л) 1
Павлов Тарас
лекція
офлайн
[81]",,"Англійська для навчання та роботи 1
А (П) 2
Князь Ганна
практика
офлайн
[21]",
MONDAY,10:00:00,А (Е) 10,ЕМ,ПП,Мі,А (Е) 8,ВМ (Л) 0,А (Е) 3,А (П) 2,,,1220.0,1290.0,1257.0,1255.0,1218.0,1280.0,1213.0,1224.0,,,6.0,6.0,6.0,6.0,6.0,6.0,6.0,6.0,,,Англійська для навчання та роботи 1,Економетрика,Парадигми програмування,Мікроекономіка II,Англійська для навчання та роботи 1,Вступ до математики,Англійська для навчання та роботи 1,Англійська для навчання та роботи 1,,,Питель Дар`я,Таміліна Лариса,Яременко Вадим,Махова Галина,Коркач Дарина,Павлов Тарас,Фролова Діана,Князь Ганна,,,1.0,1.0,1.0,1.0,1.0,1.0,1.0,1.0,,,2023-12-12,2023-12-12,2023-12-12,2023-12-12,2023-12-12,2023-12-12,2023-12-12,2023-12-12,,,2.0,2.0,2.0,2.0,2.0,2.0,2.0,2.0,,,547.0,216.0,233.0,203.0,547.0,192.0,547.0,547.0,,,офлайн,офлайн,офлайн,офлайн,офлайн,онлайн,офлайн,офлайн,,,5.0,1.0,6.0,2.0,4.0,8.0,7.0,3.0,,,1007.0,1025.0,1009.0,1003.0,1005.0,0.0,1010.0,1030.0,,,1.0,1.0,1.0,1.0,1.0,1.0,1.0,1.0,,,40.0,172.0,139.0,146.0,60.0,80.0,50.0,19.0,,,5049.0,4001.0,3727.0,3753.0,5047.0,3333.0,3739.0,5048.0,,,практика,лекція,лекція,практика,практика,лекція,практика,практика,,,"Англійська для навчання та роботи 1
А (Е) 10
Питель Дар`я
практика
офлайн
[40]","Економетрика
ЕМ
Таміліна Лариса
лекція
офлайн
[172]","Парадигми програмування
ПП
Яременко Вадим
лекція
офлайн
[139]","Мікроекономіка II
Мі
Махова Галина
практика
офлайн
[146]","Англійська для навчання та роботи 1
А (Е) 8
Коркач Дарина
практика
офлайн
[60]","Вступ до математики
ВМ (Л) 0
Павлов Тарас
лекція
онлайн
[80]","Англійська для навчання та роботи 1
А (Е) 3
Фролова Діана
практика
офлайн
[50]","Англійська для навчання та роботи 1
А (П) 2
Князь Ганна
практика
офлайн
[19]",,
MONDAY,11:30:00,,ДПСН,ВМ (БЕ) 1,ІУ (Л) 2,ЕПП,А (Е) 1,,,ВМ (ПІБА) 1,,,1262.0,1195.0,1234.0,1249.0,1210.0,,,1191.0,,,6.0,6.0,6.0,6.0,6.0,,,6.0,,,Дослідницький проект у соціальних науках,Вступ до математики,Сучасна історія України,Етика в правничій професії,Англійська для навчання та роботи 1,,,Вступ до математики,,,Таміліна Лариса,Рустамова Анна,Стадний Єгор,Грищенко Катерина,Фролова Діана,,,Новак Антоніна,,,1.0,1.0,1.0,1.0,1.0,,,1.0,,,2023-12-12,2023-12-12,2023-12-12,2023-12-12,2023-12-12,,,2023-12-12,,,3.0,3.0,3.0,3.0,3.0,,,3.0,,,357.0,192.0,339.0,563.0,547.0,,,192.0,,,офлайн,офлайн,офлайн,офлайн,онлайн,,,офлайн,,,1.0,6.0,2.0,4.0,8.0,,,0.0,,,1025.0,1009.0,1003.0,1005.0,0.0,,,1002.0,,,2.0,2.0,2.0,2.0,2.0,,,2.0,,,177.0,102.0,24.0,8.0,47.0,,,90.0,,,4001.0,5042.0,3434.0,5053.0,3739.0,,,3539.0,,,лекція,практика,лекція,практика,практика,,,практика,,,"Дослідницький проект у соціальних науках
ДПСН
Таміліна Лариса
лекція
офлайн
[177]","Вступ до математики
ВМ (БЕ) 1
Рустамова Анна
практика
офлайн
[102]","Сучасна історія України
ІУ (Л) 2
Стадний Єгор
лекція
офлайн
[24]","Етика в правничій професії
ЕПП
Грищенко Катерина
практика
офлайн
[8]","Англійська для навчання та роботи 1
А (Е) 1
Фролова Діана
практика
онлайн
[47]",,,"Вступ до математики
ВМ (ПІБА) 1
Новак Антоніна
практика
офлайн
[90]",
MONDAY,13:30:00,А (П) 4,ОП (П) 2,ВР,ІУ (Л) 2,ВМ (Л) 4,МЕЗ онлайн,ВМ (БЕ) 1,А (Е) 4,,,1226.0,1286.0,1132.0,1234.0,1230.0,1253.0,1195.0,1214.0,,,6.0,6.0,6.0,6.0,6.0,6.0,6.0,6.0,,,Англійська для навчання та роботи 1,Основи програмування,Вступ до релігієзнавства,Сучасна історія України,Вступ до математики,Математика для економічних застосувань ІІ,Вступ до математики,Англійська для навчання та роботи 1,,,Князь Ганна,Радченко Олексій,Нікіфоров Карен,Стадний Єгор,Павлов Тарас,Аксьонов Михайло,Рустамова Анна,Фролова Діана,,,1.0,1.0,1.0,1.0,1.0,1.0,1.0,1.0,,,2023-12-12,2023-12-12,2023-12-12,2023-12-12,2023-12-12,2023-12-12,2023-12-12,2023-12-12,,,4.0,4.0,4.0,4.0,4.0,4.0,4.0,4.0,,,547.0,193.0,349.0,339.0,192.0,202.0,192.0,547.0,,,офлайн,офлайн,офлайн,офлайн,офлайн,онлайн,офлайн,офлайн,,,5.0,1.0,6.0,2.0,4.0,8.0,7.0,3.0,,,1007.0,1025.0,1009.0,1003.0,1005.0,0.0,1010.0,1030.0,,,3.0,3.0,3.0,3.0,3.0,3.0,3.0,3.0,,,16.0,120.0,187.0,25.0,84.0,152.0,101.0,53.0,,,5048.0,5161.0,5210.0,3434.0,3333.0,5059.0,5042.0,3739.0,,,практика,практика,лекція,лекція,лекція,практика,практика,практика,,,"Англійська для навчання та роботи 1
А (П) 4
Князь Ганна
практика
офлайн
[16]","Основи програмування
ОП (П) 2
Радченко Олексій
практика
офлайн
[120]","Вступ до релігієзнавства
ВР
Нікіфоров Карен
лекція
офлайн
[187]","Сучасна історія України
ІУ (Л) 2
Стадний Єгор
лекція
офлайн
[25]","Вступ до математики
ВМ (Л) 4
Павлов Тарас
лекція
офлайн
[84]","Математика для економічних застосувань ІІ
МЕЗ онлайн
Аксьонов Михайло
практика
онлайн
[152]","Вступ до математики
ВМ (БЕ) 1
Рустамова Анна
практика
офлайн
[101]","Англійська для навчання та роботи 1
А (Е) 4
Фролова Діана
практика
офлайн
[53]",,
MONDAY,15:00:00,ІУ (П) 6,,ІУ (П) 7,,,,А (П) 4,,ПМ,,1242.0,,1243.0,,,,1226.0,,1263.0,,6.0,,6.0,,,,6.0,,6.0,,Сучасна історія України,,Сучасна історія України,,,,Англійська для навчання та роботи 1,,Управління проектами,,Красінько Ольга,,Куделя Володимир,,,,Князь Ганна,,Відякін Михайло,,1.0,,1.0,,,,1.0,,1.0,,2023-12-12,,2023-12-12,,,,2023-12-12,,2023-12-12,,5.0,,5.0,,,,5.0,,5.0,,339.0,,339.0,,,,547.0,,559.0,,офлайн,,офлайн,,,,офлайн,,офлайн,,5.0,,6.0,,,,7.0,,0.0,,1007.0,,1009.0,,,,1010.0,,1002.0,,4.0,,4.0,,,,4.0,,4.0,,31.0,,32.0,,,,17.0,,183.0,,5144.0,,5145.0,,,,5048.0,,5066.0,,практика,,практика,,,,практика,,лекція,,"Сучасна історія України
ІУ (П) 6
Красінько Ольга
практика
офлайн
[31]",,"Сучасна історія України
ІУ (П) 7
Куделя Володимир
практика
офлайн
[32]",,,,"Англійська для навчання та роботи 1
А (П) 4
Князь Ганна
практика
офлайн
[17]",,"Управління проектами
ПМ
Відякін Михайло
лекція
офлайн
[183]",
MONDAY,16:30:00,,А (IT) 7,ВМ (БЕ) 4,КШЕ 2,,,,МЕЗ (П) 1,ВР,,,1208.0,1198.0,1187.0,,,,1273.0,1132.0,,,6.0,6.0,6.0,,,,6.0,6.0,,,Англійська для навчання та роботи 1,Вступ до математики,Як навчатися в КШЕ,,,,Математика для економічних застосувань ІІ,Вступ до релігієзнавства,,,Кір'якова Дар'я,Захарійченко Ліліана,Шевченко Георгій,,,,Дашков Олександр,Нікіфоров Карен,,,1.0,1.0,1.0,,,,1.0,1.0,,,2023-12-12,2023-12-12,2023-12-12,,,,2023-12-12,2023-12-12,,,6.0,6.0,6.0,,,,6.0,6.0,,,547.0,192.0,546.0,,,,202.0,349.0,,,офлайн,офлайн,офлайн,,,,офлайн,офлайн,,,1.0,6.0,2.0,,,,3.0,0.0,,,1025.0,1009.0,1003.0,,,,1030.0,1002.0,,,5.0,5.0,5.0,,,,5.0,5.0,,,76.0,107.0,35.0,,,,153.0,189.0,,,5051.0,3752.0,2498.0,,,,5060.0,5210.0,,,практика,практика,лекція,,,,практика,практика,,,"Англійська для навчання та роботи 1
А (IT) 7
Кір'якова Дар'я
практика
офлайн
[76]","Вступ до математики
ВМ (БЕ) 4
Захарійченко Ліліана
практика
офлайн
[107]","Як навчатися в КШЕ
КШЕ 2
Шевченко Георгій
лекція
офлайн
[35]",,,,"Математика для економічних застосувань ІІ
МЕЗ (П) 1
Дашков Олександр
практика
офлайн
[153]","Вступ до релігієзнавства
ВР
Нікіфоров Карен
практика
офлайн
[189]",
TUESDAY,08:30:00,,МЕЗ (П) 2,ОП (П) 3,ІТЕ (Л)2,А (IT) 3,ВМ0,А (П) 2,ПП,ВМ (К),ЕМ 0,,1274.0,1287.0,1307.0,1204.0,1141.0,1224.0,1257.0,1190.0,1279.0,,6.0,6.0,6.0,6.0,6.0,6.0,6.0,6.0,6.0,,Математика для економічних застосувань ІІ,Основи програмування,Основи ІТ для бізнесу,Англійська для навчання та роботи 1,Вступ до математики,Англійська для навчання та роботи 1,Парадигми програмування,Вступ до математики,Економетрика,,Дашков Олександр,Бардін Владислав,Давидко Василь,Скрипак Ольга,Грибель Ольга,Князь Ганна,Яременко Вадим,Чоп'юк Юрій,Нікуліна Олена,,2.0,2.0,2.0,2.0,2.0,2.0,2.0,2.0,2.0,,2023-12-13,2023-12-13,2023-12-13,2023-12-13,2023-12-13,2023-12-13,2023-12-13,2023-12-13,2023-12-13,,1.0,1.0,1.0,1.0,1.0,1.0,1.0,1.0,1.0,,202.0,193.0,570.0,547.0,192.0,547.0,233.0,192.0,216.0,,офлайн,офлайн,офлайн,офлайн,онлайн,офлайн,офлайн,офлайн,онлайн,,1.0,6.0,2.0,4.0,8.0,7.0,3.0,0.0,8.0,,1025.0,1009.0,1003.0,1005.0,0.0,1010.0,1030.0,1002.0,0.0,,6.0,6.0,6.0,6.0,6.0,6.0,6.0,6.0,6.0,,156.0,122.0,136.0,69.0,95.0,20.0,138.0,100.0,175.0,,5060.0,5160.0,5052.0,5046.0,5045.0,5048.0,3727.0,3737.0,5065.0,,практика,практика,лекція,практика,практика,практика,практика,практика,практика,,"Математика для економічних застосувань ІІ
МЕЗ (П) 2
Дашков Олександр
практика
офлайн
[156]","Основи програмування
ОП (П) 3
Бардін Владислав
практика
офлайн
[122]","Основи ІТ для бізнесу
ІТЕ (Л)2
Давидко Василь
лекція
офлайн
[136]","Англійська для навчання та роботи 1
А (IT) 3
Скрипак Ольга
практика
офлайн
[69]","Вступ до математики
ВМ0
Грибель Ольга
практика
онлайн
[95]","Англійська для навчання та роботи 1
А (П) 2
Князь Ганна
практика
офлайн
[20]","Парадигми програмування
ПП
Яременко Вадим
практика
офлайн
[138]","Вступ до математики
ВМ (К)
Чоп'юк Юрій
практика
офлайн
[100]","Економетрика
ЕМ 0
Нікуліна Олена
практика
онлайн
[175]"
TUESDAY,10:00:00,ПП,ОП (П) 3,А (П) 4,ІУ (Л) 1,ДПСН,,А (Е) 12,ЙС (П)1,,,1257.0,1287.0,1226.0,1233.0,1262.0,,1222.0,1300.0,,,6.0,6.0,6.0,6.0,6.0,,6.0,6.0,,,Парадигми програмування,Основи програмування,Англійська для навчання та роботи 1,Сучасна історія України,Дослідницький проект у соціальних науках,,Англійська для навчання та роботи 1,Імовірність і статистика,,,Яременко Вадим,Бардін Владислав,Князь Ганна,Стадний Єгор,Таміліна Лариса,,Питель Дар`я,Горовой Микита,,,2.0,2.0,2.0,2.0,2.0,,2.0,2.0,,,2023-12-13,2023-12-13,2023-12-13,2023-12-13,2023-12-13,,2023-12-13,2023-12-13,,,2.0,2.0,2.0,2.0,2.0,,2.0,2.0,,,233.0,193.0,547.0,339.0,357.0,,547.0,205.0,,,офлайн,офлайн,офлайн,офлайн,офлайн,,офлайн,офлайн,,,5.0,1.0,6.0,2.0,4.0,,7.0,3.0,,,1007.0,1025.0,1009.0,1003.0,1005.0,,1010.0,1030.0,,,7.0,7.0,7.0,7.0,7.0,,7.0,7.0,,,137.0,121.0,18.0,22.0,178.0,,44.0,164.0,,,3727.0,5160.0,5048.0,3434.0,4001.0,,5049.0,5061.0,,,практика,практика,практика,лекція,лекція,,практика,практика,,,"Парадигми програмування
ПП
Яременко Вадим
практика
офлайн
[137]","Основи програмування
ОП (П) 3
Бардін Владислав
практика
офлайн
[121]","Англійська для навчання та роботи 1
А (П) 4
Князь Ганна
практика
офлайн
[18]","Сучасна історія України
ІУ (Л) 1
Стадний Єгор
лекція
офлайн
[22]","Дослідницький проект у соціальних науках
ДПСН
Таміліна Лариса
лекція
офлайн
[178]",,"Англійська для навчання та роботи 1
А (Е) 12
Питель Дар`я
практика
офлайн
[44]","Імовірність і статистика
ЙС (П)1
Горовой Микита
практика
офлайн
[164]",,
TUESDAY,11:30:00,МЕЗ (П) 2,,А (ІТ) 2,ІТЕ (Л)2,ЕПП,ІУ (П) 5,ОП (П) 6,А (IT) 8,ПП,,1274.0,,1203.0,1307.0,1249.0,1241.0,1317.0,1209.0,1257.0,,6.0,,6.0,6.0,6.0,6.0,6.0,6.0,6.0,,Математика для економічних застосувань ІІ,,Англійська для навчання та роботи 1,Основи ІТ для бізнесу,Етика в правничій професії,Сучасна історія України,Основи програмування,Англійська для навчання та роботи 1,Парадигми програмування,,Дашков Олександр,,Скрипак Ольга,Давидко Василь,Грищенко Катерина,Стадний Єгор,Бардін Владислав,Кір'якова Дар'я,Яременко Вадим,,2.0,,2.0,2.0,2.0,2.0,2.0,2.0,2.0,,2023-12-13,,2023-12-13,2023-12-13,2023-12-13,2023-12-13,2023-12-13,2023-12-13,2023-12-13,,3.0,,3.0,3.0,3.0,3.0,3.0,3.0,3.0,,202.0,,547.0,570.0,563.0,339.0,193.0,547.0,233.0,,офлайн,,офлайн,офлайн,офлайн,онлайн,офлайн,офлайн,офлайн,,5.0,,6.0,2.0,4.0,8.0,7.0,3.0,0.0,,1007.0,,1009.0,1003.0,1005.0,0.0,1010.0,1030.0,1002.0,,8.0,,8.0,8.0,8.0,8.0,8.0,8.0,8.0,,155.0,,66.0,135.0,9.0,30.0,128.0,78.0,140.0,,5060.0,,5046.0,5052.0,5053.0,3434.0,5160.0,5051.0,3727.0,,практика,,практика,лекція,практика,практика,практика,практика,лекція,,"Математика для економічних застосувань ІІ
МЕЗ (П) 2
Дашков Олександр
практика
офлайн
[155]",,"Англійська для навчання та роботи 1
А (ІТ) 2
Скрипак Ольга
практика
офлайн
[66]","Основи ІТ для бізнесу
ІТЕ (Л)2
Давидко Василь
лекція
офлайн
[135]","Етика в правничій професії
ЕПП
Грищенко Катерина
практика
офлайн
[9]","Сучасна історія України
ІУ (П) 5
Стадний Єгор
практика
онлайн
[30]","Основи програмування
ОП (П) 6
Бардін Владислав
практика
офлайн
[128]","Англійська для навчання та роботи 1
А (IT) 8
Кір'якова Дар'я
практика
офлайн
[78]","Парадигми програмування
ПП
Яременко Вадим
лекція
офлайн
[140]",
TUESDAY,13:30:00,ВМ (Т) 1,,А (Е) 12,ІТЕ (Л) 1,ДПСН,А (П) 1,ЙС (П)1,ЙС (П)3,,,1275.0,,1222.0,1306.0,1262.0,1223.0,1300.0,1302.0,,,6.0,,6.0,6.0,6.0,6.0,6.0,6.0,,,Вступ до математики,,Англійська для навчання та роботи 1,Основи ІТ для бізнесу,Дослідницький проект у соціальних науках,Англійська для навчання та роботи 1,Імовірність і статистика,Імовірність і статистика,,,Павлов Тарас,,Питель Дар`я,Давидко Василь,Таміліна Лариса,Князь Ганна,Горовой Микита,Аксьонов Михайло,,,2.0,,2.0,2.0,2.0,2.0,2.0,2.0,,,2023-12-13,,2023-12-13,2023-12-13,2023-12-13,2023-12-13,2023-12-13,2023-12-13,,,4.0,,4.0,4.0,4.0,4.0,4.0,4.0,,,192.0,,547.0,570.0,357.0,547.0,205.0,205.0,,,офлайн,,офлайн,офлайн,офлайн,онлайн,офлайн,офлайн,,,5.0,,6.0,2.0,4.0,8.0,7.0,3.0,,,1007.0,,1009.0,1003.0,1005.0,0.0,1010.0,1030.0,,,9.0,,9.0,9.0,9.0,9.0,9.0,9.0,,,129.0,,45.0,133.0,180.0,10.0,163.0,168.0,,,3333.0,,5049.0,5052.0,4001.0,5048.0,5061.0,5059.0,,,практика,,практика,лекція,практика,практика,практика,практика,,,"Вступ до математики
ВМ (Т) 1
Павлов Тарас
практика
офлайн
[129]",,"Англійська для навчання та роботи 1
А (Е) 12
Питель Дар`я
практика
офлайн
[45]","Основи ІТ для бізнесу
ІТЕ (Л) 1
Давидко Василь
лекція
офлайн
[133]","Дослідницький проект у соціальних науках
ДПСН
Таміліна Лариса
практика
офлайн
[180]","Англійська для навчання та роботи 1
А (П) 1
Князь Ганна
практика
онлайн
[10]","Імовірність і статистика
ЙС (П)1
Горовой Микита
практика
офлайн
[163]","Імовірність і статистика
ЙС (П)3
Аксьонов Михайло
практика
офлайн
[168]",,
TUESDAY,15:00:00,А (IT) 1,ЙС (П)3,,ІТЕ (Л) 1,,ЙС (П) 0,,МІП,ВМ (Ші),ЙС (П)2,1202.0,1302.0,,1306.0,,1304.0,,1248.0,1189.0,1301.0,6.0,6.0,,6.0,,6.0,,6.0,6.0,6.0,Англійська для навчання та роботи 1,Імовірність і статистика,,Основи ІТ для бізнесу,,Імовірність і статистика,,Вступ до математики,Вступ до математики,Імовірність і статистика,Скрипак Ольга,Аксьонов Михайло,,Давидко Василь,,Дашков Олександр,,Павлов Тарас,Прощенко Тетяна,Глазунов Анатолій,2.0,2.0,,2.0,,2.0,,2.0,2.0,2.0,2023-12-13,2023-12-13,,2023-12-13,,2023-12-13,,2023-12-13,2023-12-13,2023-12-13,5.0,5.0,,5.0,,5.0,,5.0,5.0,5.0,547.0,205.0,,570.0,,205.0,,192.0,192.0,205.0,офлайн,офлайн,,офлайн,,онлайн,,офлайн,офлайн,офлайн,5.0,1.0,,2.0,,8.0,,3.0,0.0,8.0,1007.0,1025.0,,1003.0,,0.0,,1030.0,1002.0,0.0,10.0,10.0,,10.0,,10.0,,10.0,10.0,10.0,64.0,167.0,,134.0,,162.0,,88.0,98.0,165.0,5046.0,5059.0,,5052.0,,5060.0,,3333.0,5043.0,2371.0,практика,практика,,лекція,,практика,,практика,практика,практика,"Англійська для навчання та роботи 1
А (IT) 1
Скрипак Ольга
практика
офлайн
[64]","Імовірність і статистика
ЙС (П)3
Аксьонов Михайло
практика
офлайн
[167]",,"Основи ІТ для бізнесу
ІТЕ (Л) 1
Давидко Василь
лекція
офлайн
[134]",,"Імовірність і статистика
ЙС (П) 0
Дашков Олександр
практика
онлайн
[162]",,"Вступ до математики
МІП
Павлов Тарас
практика
офлайн
[88]","Вступ до математики
ВМ (Ші)
Прощенко Тетяна
практика
офлайн
[98]","Імовірність і статистика
ЙС (П)2
Глазунов Анатолій
практика
офлайн
[165]"
TUESDAY,16:30:00,ВМ (БЕ) 5,А (Е) 9,,А (П) 3,,ЙС (П) 0,,ВМ (ЕБД) 1,,ЙС (П)2,1199.0,1219.0,,1225.0,,1304.0,,1200.0,,1301.0,6.0,6.0,,6.0,,6.0,,6.0,,6.0,Вступ до математики,Англійська для навчання та роботи 1,,Англійська для навчання та роботи 1,,Імовірність і статистика,,Вступ до математики,,Імовірність і статистика,Захарійченко Ліліана,Питель Дар`я,,Князь Ганна,,Дашков Олександр,,Чоп'юк Юрій,,Глазунов Анатолій,2.0,2.0,,2.0,,2.0,,2.0,,2.0,2023-12-13,2023-12-13,,2023-12-13,,2023-12-13,,2023-12-13,,2023-12-13,6.0,6.0,,6.0,,6.0,,6.0,,6.0,192.0,547.0,,547.0,,205.0,,192.0,,205.0,офлайн,офлайн,,офлайн,,онлайн,,офлайн,,офлайн,5.0,1.0,,2.0,,8.0,,3.0,,8.0,1007.0,1025.0,,1003.0,,0.0,,1030.0,,0.0,11.0,11.0,,11.0,,11.0,,11.0,,11.0,110.0,39.0,,14.0,,161.0,,112.0,,166.0,3752.0,5049.0,,5048.0,,5060.0,,3737.0,,2371.0,практика,практика,,практика,,практика,,практика,,практика,"Вступ до математики
ВМ (БЕ) 5
Захарійченко Ліліана
практика
офлайн
[110]","Англійська для навчання та роботи 1
А (Е) 9
Питель Дар`я
практика
офлайн
[39]",,"Англійська для навчання та роботи 1
А (П) 3
Князь Ганна
практика
офлайн
[14]",,"Імовірність і статистика
ЙС (П) 0
Дашков Олександр
практика
онлайн
[161]",,"Вступ до математики
ВМ (ЕБД) 1
Чоп'юк Юрій
практика
офлайн
[112]",,"Імовірність і статистика
ЙС (П)2
Глазунов Анатолій
практика
офлайн
[166]"
WEDNESDAY,08:30:00,А (Е) 5,,БА,ВМ (Л) 5,ОПІ,,,А (Е) 10,А (Е) 3,,1215.0,,1309.0,1231.0,1259.0,,,1220.0,1213.0,,6.0,,6.0,6.0,6.0,,,6.0,6.0,,Англійська для навчання та роботи 1,,Бізнес-аналіз,Вступ до математики,Основи програмної інженерії,,,Англійська для навчання та роботи 1,Англійська для навчання та роботи 1,,Коркач Дарина,,Несторак Володимир,Павлов Тарас,Подколзін Андрій,,,Питель Дар`я,Фролова Діана,,3.0,,3.0,3.0,3.0,,,3.0,3.0,,2023-12-14,,2023-12-14,2023-12-14,2023-12-14,,,2023-12-14,2023-12-14,,1.0,,1.0,1.0,1.0,,,1.0,1.0,,547.0,,241.0,192.0,344.0,,,547.0,547.0,,офлайн,,офлайн,офлайн,офлайн,,,офлайн,офлайн,,5.0,,6.0,2.0,4.0,,,3.0,0.0,,1007.0,,1009.0,1003.0,1005.0,,,1030.0,1002.0,,12.0,,12.0,12.0,12.0,,,12.0,12.0,,55.0,,192.0,85.0,158.0,,,41.0,51.0,,5047.0,,5067.0,3333.0,5064.0,,,5049.0,3739.0,,практика,,практика,лекція,лекція,,,практика,практика,,"Англійська для навчання та роботи 1
А (Е) 5
Коркач Дарина
практика
офлайн
[55]",,"Бізнес-аналіз
БА
Несторак Володимир
практика
офлайн
[192]","Вступ до математики
ВМ (Л) 5
Павлов Тарас
лекція
офлайн
[85]","Основи програмної інженерії
ОПІ
Подколзін Андрій
лекція
офлайн
[158]",,,"Англійська для навчання та роботи 1
А (Е) 10
Питель Дар`я
практика
офлайн
[41]","Англійська для навчання та роботи 1
А (Е) 3
Фролова Діана
практика
офлайн
[51]",
WEDNESDAY,10:00:00,ВМ (ЕБД) 1,,ОПІ,ВМ (ПІБА) 1,МЕЗ (П) 1,А (П) 1,ВМ (ПІБА) 2,ДПСН,ВМ (Л) 3,А (IT) 4,1200.0,,1259.0,1191.0,1273.0,1223.0,1192.0,1262.0,1229.0,1205.0,6.0,,6.0,6.0,6.0,6.0,6.0,6.0,6.0,6.0,Вступ до математики,,Основи програмної інженерії,Вступ до математики,Математика для економічних застосувань ІІ,Англійська для навчання та роботи 1,Вступ до математики,Дослідницький проект у соціальних науках,Вступ до математики,Англійська для навчання та роботи 1,Чоп'юк Юрій,,Подколзін Андрій,Новак Антоніна,Дашков Олександр,Князь Ганна,Антошина Катерина,Таміліна Лариса,Павлов Тарас,Скрипак Ольга,3.0,,3.0,3.0,3.0,3.0,3.0,3.0,3.0,3.0,2023-12-14,,2023-12-14,2023-12-14,2023-12-14,2023-12-14,2023-12-14,2023-12-14,2023-12-14,2023-12-14,2.0,,2.0,2.0,2.0,2.0,2.0,2.0,2.0,2.0,192.0,,344.0,192.0,202.0,547.0,192.0,357.0,192.0,547.0,офлайн,,офлайн,офлайн,офлайн,онлайн,офлайн,офлайн,офлайн,онлайн,5.0,,6.0,2.0,4.0,8.0,7.0,3.0,0.0,8.0,1007.0,,1009.0,1003.0,1005.0,0.0,1010.0,1030.0,1002.0,0.0,13.0,,13.0,13.0,13.0,13.0,13.0,13.0,13.0,13.0,111.0,,160.0,89.0,154.0,11.0,91.0,179.0,83.0,70.0,3737.0,,5064.0,3539.0,5060.0,5048.0,5044.0,4001.0,3333.0,5046.0,практика,,практика,практика,практика,практика,практика,практика,лекція,практика,"Вступ до математики
ВМ (ЕБД) 1
Чоп'юк Юрій
практика
офлайн
[111]",,"Основи програмної інженерії
ОПІ
Подколзін Андрій
практика
офлайн
[160]","Вступ до математики
ВМ (ПІБА) 1
Новак Антоніна
практика
офлайн
[89]","Математика для економічних застосувань ІІ
МЕЗ (П) 1
Дашков Олександр
практика
офлайн
[154]","Англійська для навчання та роботи 1
А (П) 1
Князь Ганна
практика
онлайн
[11]","Вступ до математики
ВМ (ПІБА) 2
Антошина Катерина
практика
офлайн
[91]","Дослідницький проект у соціальних науках
ДПСН
Таміліна Лариса
практика
офлайн
[179]","Вступ до математики
ВМ (Л) 3
Павлов Тарас
лекція
офлайн
[83]","Англійська для навчання та роботи 1
А (IT) 4
Скрипак Ольга
практика
онлайн
[70]"
WEDNESDAY,11:30:00,,ПМ,КШЕ 3.1,Мі,ВМ (Т) 2,,А (Е) 2,ВТ,,,,1263.0,1297.0,1255.0,1276.0,,1212.0,1258.0,,,,6.0,6.0,6.0,6.0,,6.0,6.0,,,,Управління проектами,Як навчатися в КШЕ,Мікроекономіка II,Вступ до математики,,Англійська для навчання та роботи 1,Веб-технології,,,,Відякін Михайло,Палій Валерія,Махова Галина,Павлов Тарас,,Фролова Діана,Сеник Юлія,,,,3.0,3.0,3.0,3.0,,3.0,3.0,,,,2023-12-14,2023-12-14,2023-12-14,2023-12-14,,2023-12-14,2023-12-14,,,,3.0,3.0,3.0,3.0,,3.0,3.0,,,,559.0,546.0,203.0,192.0,,547.0,464.0,,,,офлайн,офлайн,офлайн,офлайн,,офлайн,офлайн,,,,1.0,6.0,2.0,4.0,,7.0,3.0,,,,1025.0,1009.0,1003.0,1005.0,,1010.0,1030.0,,,,14.0,14.0,14.0,14.0,,14.0,14.0,,,,184.0,36.0,147.0,130.0,,48.0,141.0,,,,5066.0,1.0,3753.0,3333.0,,3739.0,5063.0,,,,практика,лекція,лекція,практика,,практика,практика,,,,"Управління проектами
ПМ
Відякін Михайло
практика
офлайн
[184]","Як навчатися в КШЕ
КШЕ 3.1
Палій Валерія
лекція
офлайн
[36]","Мікроекономіка II
Мі
Махова Галина
лекція
офлайн
[147]","Вступ до математики
ВМ (Т) 2
Павлов Тарас
практика
офлайн
[130]",,"Англійська для навчання та роботи 1
А (Е) 2
Фролова Діана
практика
офлайн
[48]","Веб-технології
ВТ
Сеник Юлія
практика
офлайн
[141]",,
WEDNESDAY,13:30:00,А (Е) 8,ІФП,,,ОП (П) 4,МЕЗ ALL,А (IT) 8,А (IT) 1,ЙС ALL,,1218.0,1250.0,,,1288.0,1367.0,1209.0,1202.0,1366.0,,6.0,6.0,,,6.0,6.0,6.0,6.0,6.0,,Англійська для навчання та роботи 1,Історія та філософія права,,,Основи програмування,Математика для економічних застосувань ІІ,Англійська для навчання та роботи 1,Англійська для навчання та роботи 1,Імовірність і статистика,,Коркач Дарина,Сироїд Оксана,,,Огойко Микола,Аксьонов Михайло,Кір'якова Дар'я,Скрипак Ольга,Дашков Олександр,,3.0,3.0,,,3.0,3.0,3.0,3.0,3.0,,2023-12-14,2023-12-14,,,2023-12-14,2023-12-14,2023-12-14,2023-12-14,2023-12-14,,4.0,4.0,,,4.0,4.0,4.0,4.0,4.0,,547.0,456.0,,,193.0,202.0,547.0,547.0,205.0,,офлайн,офлайн,,,офлайн,онлайн,офлайн,офлайн,офлайн,,5.0,1.0,,,4.0,8.0,7.0,3.0,0.0,,1007.0,1025.0,,,1005.0,0.0,1010.0,1030.0,1002.0,,15.0,15.0,,,15.0,15.0,15.0,15.0,15.0,,61.0,62.0,,,123.0,150.0,79.0,65.0,169.0,,5047.0,5055.0,,,5162.0,5059.0,5051.0,5046.0,5060.0,,практика,лекція,,,практика,лекція,практика,практика,лекція,,"Англійська для навчання та роботи 1
А (Е) 8
Коркач Дарина
практика
офлайн
[61]","Історія та філософія права
ІФП
Сироїд Оксана
лекція
офлайн
[62]",,,"Основи програмування
ОП (П) 4
Огойко Микола
практика
офлайн
[123]","Математика для економічних застосувань ІІ
МЕЗ ALL
Аксьонов Михайло
лекція
онлайн
[150]","Англійська для навчання та роботи 1
А (IT) 8
Кір'якова Дар'я
практика
офлайн
[79]","Англійська для навчання та роботи 1
А (IT) 1
Скрипак Ольга
практика
офлайн
[65]","Імовірність і статистика
ЙС ALL
Дашков Олександр
лекція
офлайн
[169]",
WEDNESDAY,15:00:00,ІУ (П) 3,,ІФП,,,МЕЗ ALL,,ОП (П) 1,А (Е) 9,,1239.0,,1250.0,,,1367.0,,1285.0,1219.0,,6.0,,6.0,,,6.0,,6.0,6.0,,Сучасна історія України,,Історія та філософія права,,,Математика для економічних застосувань ІІ,,Основи програмування,Англійська для навчання та роботи 1,,Довгань Світлана,,Сироїд Оксана,,,Аксьонов Михайло,,Насінник Андрій,Питель Дар`я,,3.0,,3.0,,,3.0,,3.0,3.0,,2023-12-14,,2023-12-14,,,2023-12-14,,2023-12-14,2023-12-14,,5.0,,5.0,,,5.0,,5.0,5.0,,339.0,,456.0,,,202.0,,193.0,547.0,,офлайн,,офлайн,,,онлайн,,офлайн,офлайн,,5.0,,6.0,,,8.0,,3.0,0.0,,1007.0,,1009.0,,,0.0,,1030.0,1002.0,,16.0,,16.0,,,16.0,,16.0,16.0,,28.0,,63.0,,,149.0,,117.0,38.0,,5142.0,,5055.0,,,5059.0,,5163.0,5049.0,,практика,,практика,,,лекція,,практика,практика,,"Сучасна історія України
ІУ (П) 3
Довгань Світлана
практика
офлайн
[28]",,"Історія та філософія права
ІФП
Сироїд Оксана
практика
офлайн
[63]",,,"Математика для економічних застосувань ІІ
МЕЗ ALL
Аксьонов Михайло
лекція
онлайн
[149]",,"Основи програмування
ОП (П) 1
Насінник Андрій
практика
офлайн
[117]","Англійська для навчання та роботи 1
А (Е) 9
Питель Дар`я
практика
офлайн
[38]",
WEDNESDAY,16:30:00,ВМ (БЕ) 3,,А (IT) 6,ВМ (ЕБД) 2,ОП (П) 5,,АПД,КШЕ 3.2,,,1197.0,,1207.0,1201.0,1289.0,,1315.0,1298.0,,,6.0,,6.0,6.0,6.0,,6.0,6.0,,,Вступ до математики,,Англійська для навчання та роботи 1,Вступ до математики,Основи програмування,,Актуальні проблеми довкілля,Як навчатися в КШЕ,,,Рустамова Анна,,Орищук Лідія,Чоп'юк Юрій,Бардін Владислав,,Дацюк Інна,Берко Степан,,,3.0,,3.0,3.0,3.0,,3.0,3.0,,,2023-12-14,,2023-12-14,2023-12-14,2023-12-14,,2023-12-14,2023-12-14,,,6.0,,6.0,6.0,6.0,,6.0,6.0,,,192.0,,547.0,192.0,193.0,,445.0,546.0,,,офлайн,,офлайн,офлайн,офлайн,,офлайн,офлайн,,,5.0,,6.0,2.0,4.0,,7.0,3.0,,,1007.0,,1009.0,1003.0,1005.0,,1010.0,1030.0,,,17.0,,17.0,17.0,17.0,,17.0,17.0,,,105.0,,75.0,113.0,125.0,,193.0,37.0,,,5042.0,,5050.0,3737.0,5160.0,,5214.0,4671.0,,,практика,,практика,практика,практика,,практика,лекція,,,"Вступ до математики
ВМ (БЕ) 3
Рустамова Анна
практика
офлайн
[105]",,"Англійська для навчання та роботи 1
А (IT) 6
Орищук Лідія
практика
офлайн
[75]","Вступ до математики
ВМ (ЕБД) 2
Чоп'юк Юрій
практика
офлайн
[113]","Основи програмування
ОП (П) 5
Бардін Владислав
практика
офлайн
[125]",,"Актуальні проблеми довкілля
АПД
Дацюк Інна
практика
офлайн
[193]","Як навчатися в КШЕ
КШЕ 3.2
Берко Степан
лекція
офлайн
[37]",,
THURSDAY,08:30:00,,ВМ (БЕ) 4,ВППЕ,ВМ (Л) 2,,А (Е) 1,ОП (П) 4,,ЙС ALL,,,1198.0,1246.0,1228.0,,1210.0,1288.0,,1366.0,,,6.0,6.0,6.0,,6.0,6.0,,6.0,,,Вступ до математики,Вступ до психології та професійна етика,Вступ до математики,,Англійська для навчання та роботи 1,Основи програмування,,Імовірність і статистика,,,Захарійченко Ліліана,Ляшенко Олексій,Павлов Тарас,,Фролова Діана,Огойко Микола,,Дашков Олександр,,,4.0,4.0,4.0,,4.0,4.0,,4.0,,,2023-12-15,2023-12-15,2023-12-15,,2023-12-15,2023-12-15,,2023-12-15,,,1.0,1.0,1.0,,1.0,1.0,,1.0,,,192.0,548.0,192.0,,547.0,193.0,,205.0,,,офлайн,офлайн,офлайн,,онлайн,офлайн,,офлайн,,,1.0,6.0,2.0,,8.0,7.0,,0.0,,,1025.0,1009.0,1003.0,,0.0,1010.0,,1002.0,,,18.0,18.0,18.0,,18.0,18.0,,18.0,,,108.0,4.0,82.0,,46.0,124.0,,170.0,,,3752.0,5056.0,3333.0,,3739.0,5162.0,,5060.0,,,практика,лекція,лекція,,практика,практика,,лекція,,,"Вступ до математики
ВМ (БЕ) 4
Захарійченко Ліліана
практика
офлайн
[108]","Вступ до психології та професійна етика
ВППЕ
Ляшенко Олексій
лекція
офлайн
[4]","Вступ до математики
ВМ (Л) 2
Павлов Тарас
лекція
офлайн
[82]",,"Англійська для навчання та роботи 1
А (Е) 1
Фролова Діана
практика
онлайн
[46]","Основи програмування
ОП (П) 4
Огойко Микола
практика
офлайн
[124]",,"Імовірність і статистика
ЙС ALL
Дашков Олександр
лекція
офлайн
[170]",
THURSDAY,10:00:00,А (Е) 2,ВППЕ,ВМ (П),ЕМ 1,ВМ (БЕ) 5,,А (Е) 6,ВМ (К),А (IT) 6,,1212.0,1246.0,1271.0,1368.0,1199.0,,1216.0,1190.0,1207.0,,6.0,6.0,6.0,6.0,6.0,,6.0,6.0,6.0,,Англійська для навчання та роботи 1,Вступ до психології та професійна етика,Вступ до математики,Економетрика,Вступ до математики,,Англійська для навчання та роботи 1,Вступ до математики,Англійська для навчання та роботи 1,,Фролова Діана,Ляшенко Олексій,Павлов Тарас,Таміліна Лариса,Захарійченко Ліліана,,Коркач Дарина,Чоп'юк Юрій,Орищук Лідія,,4.0,4.0,4.0,4.0,4.0,,4.0,4.0,4.0,,2023-12-15,2023-12-15,2023-12-15,2023-12-15,2023-12-15,,2023-12-15,2023-12-15,2023-12-15,,2.0,2.0,2.0,2.0,2.0,,2.0,2.0,2.0,,547.0,548.0,192.0,216.0,192.0,,547.0,192.0,547.0,,офлайн,офлайн,офлайн,офлайн,офлайн,,офлайн,офлайн,офлайн,,5.0,1.0,6.0,2.0,4.0,,7.0,3.0,0.0,,1007.0,1025.0,1009.0,1003.0,1005.0,,1010.0,1030.0,1002.0,,19.0,19.0,19.0,19.0,19.0,,19.0,19.0,19.0,,49.0,5.0,186.0,173.0,109.0,,56.0,99.0,74.0,,3739.0,5056.0,3333.0,4001.0,3752.0,,5047.0,3737.0,5050.0,,практика,практика,практика,практика,практика,,практика,практика,практика,,"Англійська для навчання та роботи 1
А (Е) 2
Фролова Діана
практика
офлайн
[49]","Вступ до психології та професійна етика
ВППЕ
Ляшенко Олексій
практика
офлайн
[5]","Вступ до математики
ВМ (П)
Павлов Тарас
практика
офлайн
[186]","Економетрика
ЕМ 1
Таміліна Лариса
практика
офлайн
[173]","Вступ до математики
ВМ (БЕ) 5
Захарійченко Ліліана
практика
офлайн
[109]",,"Англійська для навчання та роботи 1
А (Е) 6
Коркач Дарина
практика
офлайн
[56]","Вступ до математики
ВМ (К)
Чоп'юк Юрій
практика
офлайн
[99]","Англійська для навчання та роботи 1
А (IT) 6
Орищук Лідія
практика
офлайн
[74]",
THURSDAY,11:30:00,ПНС,,ВТ,ІУ (П) 9,А (Е) 6,А (IT) 4,,А (ІТ) 5,ПМ,,1247.0,,1258.0,1245.0,1216.0,1205.0,,1206.0,1263.0,,6.0,,6.0,6.0,6.0,6.0,,6.0,6.0,,Психіка і нервова система,,Веб-технології,Сучасна історія України,Англійська для навчання та роботи 1,Англійська для навчання та роботи 1,,Англійська для навчання та роботи 1,Управління проектами,,Чернінський Андрій,,Сеник Юлія,Стадний Єгор,Коркач Дарина,Скрипак Ольга,,Орищук Лідія,Відякін Михайло,,4.0,,4.0,4.0,4.0,4.0,,4.0,4.0,,2023-12-15,,2023-12-15,2023-12-15,2023-12-15,2023-12-15,,2023-12-15,2023-12-15,,3.0,,3.0,3.0,3.0,3.0,,3.0,3.0,,549.0,,464.0,339.0,547.0,547.0,,547.0,559.0,,офлайн,,офлайн,офлайн,офлайн,онлайн,,офлайн,офлайн,,5.0,,6.0,2.0,4.0,8.0,,3.0,0.0,,1007.0,,1009.0,1003.0,1005.0,0.0,,1030.0,1002.0,,20.0,,20.0,20.0,20.0,20.0,,20.0,20.0,,1.0,,144.0,34.0,57.0,71.0,,73.0,182.0,,4059.0,,5063.0,3434.0,5047.0,5046.0,,5050.0,5066.0,,лекція,,лекція,практика,практика,практика,,практика,лекція,,"Психіка і нервова система
ПНС
Чернінський Андрій
лекція
офлайн
[1]",,"Веб-технології
ВТ
Сеник Юлія
лекція
офлайн
[144]","Сучасна історія України
ІУ (П) 9
Стадний Єгор
практика
офлайн
[34]","Англійська для навчання та роботи 1
А (Е) 6
Коркач Дарина
практика
офлайн
[57]","Англійська для навчання та роботи 1
А (IT) 4
Скрипак Ольга
практика
онлайн
[71]",,"Англійська для навчання та роботи 1
А (ІТ) 5
Орищук Лідія
практика
офлайн
[73]","Управління проектами
ПМ
Відякін Михайло
лекція
офлайн
[182]",
THURSDAY,13:30:00,ПНС,А (Е) 4,ВМ (ПІБА) 3,А (Е) 5,ОП (П) 2,МЕЗ онлайн,,,ВР,,1247.0,1214.0,1193.0,1215.0,1286.0,1253.0,,,1132.0,,6.0,6.0,6.0,6.0,6.0,6.0,,,6.0,,Психіка і нервова система,Англійська для навчання та роботи 1,Вступ до математики,Англійська для навчання та роботи 1,Основи програмування,Математика для економічних застосувань ІІ,,,Вступ до релігієзнавства,,Чернінський Андрій,Фролова Діана,Новак Антоніна,Коркач Дарина,Радченко Олексій,Аксьонов Михайло,,,Нікіфоров Карен,,4.0,4.0,4.0,4.0,4.0,4.0,,,4.0,,2023-12-15,2023-12-15,2023-12-15,2023-12-15,2023-12-15,2023-12-15,,,2023-12-15,,4.0,4.0,4.0,4.0,4.0,4.0,,,4.0,,549.0,547.0,192.0,547.0,193.0,202.0,,,349.0,,офлайн,офлайн,офлайн,офлайн,офлайн,онлайн,,,офлайн,,5.0,1.0,6.0,2.0,4.0,8.0,,,0.0,,1007.0,1025.0,1009.0,1003.0,1005.0,0.0,,,1002.0,,21.0,21.0,21.0,21.0,21.0,21.0,,,21.0,,2.0,52.0,93.0,54.0,119.0,151.0,,,188.0,,4059.0,3739.0,3539.0,5047.0,5161.0,5059.0,,,5210.0,,практика,практика,практика,практика,практика,практика,,,лекція,,"Психіка і нервова система
ПНС
Чернінський Андрій
практика
офлайн
[2]","Англійська для навчання та роботи 1
А (Е) 4
Фролова Діана
практика
офлайн
[52]","Вступ до математики
ВМ (ПІБА) 3
Новак Антоніна
практика
офлайн
[93]","Англійська для навчання та роботи 1
А (Е) 5
Коркач Дарина
практика
офлайн
[54]","Основи програмування
ОП (П) 2
Радченко Олексій
практика
офлайн
[119]","Математика для економічних застосувань ІІ
МЕЗ онлайн
Аксьонов Михайло
практика
онлайн
[151]",,,"Вступ до релігієзнавства
ВР
Нікіфоров Карен
лекція
офлайн
[188]",
THURSDAY,15:00:00,,ІУ (П) 2,,ВМ (Т) 4,ЕМ 1,ЕМ 0,А (ІТ) 5,ОП (П) 1,,,,1238.0,,1278.0,1368.0,1279.0,1206.0,1285.0,,,,6.0,,6.0,6.0,6.0,6.0,6.0,,,,Сучасна історія України,,Вступ до математики,Економетрика,Економетрика,Англійська для навчання та роботи 1,Основи програмування,,,,Стадний Єгор,,Павлов Тарас,Таміліна Лариса,Нікуліна Олена,Орищук Лідія,Насінник Андрій,,,,4.0,,4.0,4.0,4.0,4.0,4.0,,,,2023-12-15,,2023-12-15,2023-12-15,2023-12-15,2023-12-15,2023-12-15,,,,5.0,,5.0,5.0,5.0,5.0,5.0,,,,339.0,,192.0,216.0,216.0,547.0,193.0,,,,офлайн,,офлайн,офлайн,онлайн,офлайн,офлайн,,,,1.0,,2.0,4.0,8.0,7.0,3.0,,,,1025.0,,1003.0,1005.0,0.0,1010.0,1030.0,,,,22.0,,22.0,22.0,22.0,22.0,22.0,,,,27.0,,132.0,174.0,176.0,72.0,118.0,,,,3434.0,,3333.0,4001.0,5065.0,5050.0,5163.0,,,,практика,,практика,практика,практика,практика,практика,,,,"Сучасна історія України
ІУ (П) 2
Стадний Єгор
практика
офлайн
[27]",,"Вступ до математики
ВМ (Т) 4
Павлов Тарас
практика
офлайн
[132]","Економетрика
ЕМ 1
Таміліна Лариса
практика
офлайн
[174]","Економетрика
ЕМ 0
Нікуліна Олена
практика
онлайн
[176]","Англійська для навчання та роботи 1
А (ІТ) 5
Орищук Лідія
практика
офлайн
[72]","Основи програмування
ОП (П) 1
Насінник Андрій
практика
офлайн
[118]",,
THURSDAY,16:30:00,ВМ (БЕ) 3,ОПІ,,,ЕПП,ВМ0,А (IT) 3,БА,,,1197.0,1259.0,,,1249.0,1141.0,1204.0,1309.0,,,6.0,6.0,,,6.0,6.0,6.0,6.0,,,Вступ до математики,Основи програмної інженерії,,,Етика в правничій професії,Вступ до математики,Англійська для навчання та роботи 1,Бізнес-аналіз,,,Рустамова Анна,Подколзін Андрій,,,Грищенко Катерина,Грибель Ольга,Скрипак Ольга,Несторак Володимир,,,4.0,4.0,,,4.0,4.0,4.0,4.0,,,2023-12-15,2023-12-15,,,2023-12-15,2023-12-15,2023-12-15,2023-12-15,,,6.0,6.0,,,6.0,6.0,6.0,6.0,,,192.0,344.0,,,563.0,192.0,547.0,241.0,,,офлайн,офлайн,,,офлайн,онлайн,офлайн,офлайн,,,5.0,1.0,,,4.0,8.0,7.0,3.0,,,1007.0,1025.0,,,1005.0,0.0,1010.0,1030.0,,,23.0,23.0,,,23.0,23.0,23.0,23.0,,,106.0,157.0,,,7.0,96.0,68.0,191.0,,,5042.0,5064.0,,,5053.0,5045.0,5046.0,5067.0,,,практика,лекція,,,лекція,практика,практика,лекція,,,"Вступ до математики
ВМ (БЕ) 3
Рустамова Анна
практика
офлайн
[106]","Основи програмної інженерії
ОПІ
Подколзін Андрій
лекція
офлайн
[157]",,,"Етика в правничій професії
ЕПП
Грищенко Катерина
лекція
офлайн
[7]","Вступ до математики
ВМ0
Грибель Ольга
практика
онлайн
[96]","Англійська для навчання та роботи 1
А (IT) 3
Скрипак Ольга
практика
офлайн
[68]","Бізнес-аналіз
БА
Несторак Володимир
лекція
офлайн
[191]",,
FRIDAY,08:30:00,,АПД,ОП,,А (Е) 11,А (П) 1,,,ВМ (Т) 3,,,1315.0,1272.0,,1221.0,1223.0,,,1277.0,,,6.0,6.0,,6.0,6.0,,,6.0,,,Актуальні проблеми довкілля,Основи програмування,,Англійська для навчання та роботи 1,Англійська для навчання та роботи 1,,,Вступ до математики,,,Дацюк Інна,Коротенко Артем,,Питель Дар`я,Князь Ганна,,,Павлов Тарас,,,5.0,5.0,,5.0,5.0,,,5.0,,,2023-12-16,2023-12-16,,2023-12-16,2023-12-16,,,2023-12-16,,,1.0,1.0,,1.0,1.0,,,1.0,,,445.0,193.0,,547.0,547.0,,,192.0,,,офлайн,офлайн,,офлайн,онлайн,,,офлайн,,,1.0,6.0,,4.0,8.0,,,0.0,,,1025.0,1009.0,,1005.0,0.0,,,1002.0,,,24.0,24.0,,24.0,24.0,,,24.0,,,195.0,115.0,,42.0,12.0,,,131.0,,,5214.0,3221.0,,5049.0,5048.0,,,3333.0,,,практика,лекція,,практика,практика,,,практика,,,"Актуальні проблеми довкілля
АПД
Дацюк Інна
практика
офлайн
[195]","Основи програмування
ОП
Коротенко Артем
лекція
офлайн
[115]",,"Англійська для навчання та роботи 1
А (Е) 11
Питель Дар`я
практика
офлайн
[42]","Англійська для навчання та роботи 1
А (П) 1
Князь Ганна
практика
онлайн
[12]",,,"Вступ до математики
ВМ (Т) 3
Павлов Тарас
практика
офлайн
[131]",
FRIDAY,10:00:00,Мі,ВППЕ,МІП,ВМ (Л) 6,ВМ (Ші),,,ВТ,ЕМ,,1255.0,1246.0,1248.0,1232.0,1189.0,,,1258.0,1290.0,,6.0,6.0,6.0,6.0,6.0,,,6.0,6.0,,Мікроекономіка II,Вступ до психології та професійна етика,Вступ до математики,Вступ до математики,Вступ до математики,,,Веб-технології,Економетрика,,Махова Галина,Ляшенко Олексій,Чоп'юк Юрій,Павлов Тарас,Прощенко Тетяна,,,Сеник Юлія,Таміліна Лариса,,5.0,5.0,5.0,5.0,5.0,,,5.0,5.0,,2023-12-16,2023-12-16,2023-12-16,2023-12-16,2023-12-16,,,2023-12-16,2023-12-16,,2.0,2.0,2.0,2.0,2.0,,,2.0,2.0,,203.0,548.0,192.0,192.0,192.0,,,464.0,216.0,,офлайн,офлайн,офлайн,офлайн,офлайн,,,офлайн,офлайн,,5.0,1.0,6.0,2.0,4.0,,,3.0,0.0,,1007.0,1025.0,1009.0,1003.0,1005.0,,,1030.0,1002.0,,25.0,25.0,25.0,25.0,25.0,,,25.0,25.0,,145.0,3.0,87.0,86.0,97.0,,,142.0,171.0,,3753.0,5056.0,3737.0,3333.0,5043.0,,,5063.0,4001.0,,практика,лекція,лекція,лекція,практика,,,практика,лекція,,"Мікроекономіка II
Мі
Махова Галина
практика
офлайн
[145]","Вступ до психології та професійна етика
ВППЕ
Ляшенко Олексій
лекція
офлайн
[3]","Вступ до математики
МІП
Чоп'юк Юрій
лекція
офлайн
[87]","Вступ до математики
ВМ (Л) 6
Павлов Тарас
лекція
офлайн
[86]","Вступ до математики
ВМ (Ші)
Прощенко Тетяна
практика
офлайн
[97]",,,"Веб-технології
ВТ
Сеник Юлія
практика
офлайн
[142]","Економетрика
ЕМ
Таміліна Лариса
лекція
офлайн
[171]",
FRIDAY,11:30:00,ВТ,,ПМ,,А (Е) 11,,А (П) 3,,Мі,,1258.0,,1263.0,,1221.0,,1225.0,,1255.0,,6.0,,6.0,,6.0,,6.0,,6.0,,Веб-технології,,Управління проектами,,Англійська для навчання та роботи 1,,Англійська для навчання та роботи 1,,Мікроекономіка II,,Сеник Юлія,,Відякін Михайло,,Питель Дар`я,,Князь Ганна,,Махова Галина,,5.0,,5.0,,5.0,,5.0,,5.0,,2023-12-16,,2023-12-16,,2023-12-16,,2023-12-16,,2023-12-16,,3.0,,3.0,,3.0,,3.0,,3.0,,464.0,,559.0,,547.0,,547.0,,203.0,,офлайн,,офлайн,,офлайн,,офлайн,,офлайн,,5.0,,6.0,,4.0,,7.0,,0.0,,1007.0,,1009.0,,1005.0,,1010.0,,1002.0,,26.0,,26.0,,26.0,,26.0,,26.0,,143.0,,185.0,,43.0,,13.0,,148.0,,5063.0,,5066.0,,5049.0,,5048.0,,3753.0,,лекція,,практика,,практика,,практика,,лекція,,"Веб-технології
ВТ
Сеник Юлія
лекція
офлайн
[143]",,"Управління проектами
ПМ
Відякін Михайло
практика
офлайн
[185]",,"Англійська для навчання та роботи 1
А (Е) 11
Питель Дар`я
практика
офлайн
[43]",,"Англійська для навчання та роботи 1
А (П) 3
Князь Ганна
практика
офлайн
[13]",,"Мікроекономіка II
Мі
Махова Галина
лекція
офлайн
[148]",
FRIDAY,13:30:00,А (П) 3,ІУ (П) 1,А (IT) 7,ІУ (П) 4,ОП (П) 5,,,,А (ІТ) 2,,1225.0,1237.0,1208.0,1240.0,1289.0,,,,1203.0,,6.0,6.0,6.0,6.0,6.0,,,,6.0,,Англійська для навчання та роботи 1,Сучасна історія України,Англійська для навчання та роботи 1,Сучасна історія України,Основи програмування,,,,Англійська для навчання та роботи 1,,Князь Ганна,Довгань Світлана,Кір'якова Дар'я,Красінько Ольга,Бардін Владислав,,,,Скрипак Ольга,,5.0,5.0,5.0,5.0,5.0,,,,5.0,,2023-12-16,2023-12-16,2023-12-16,2023-12-16,2023-12-16,,,,2023-12-16,,4.0,4.0,4.0,4.0,4.0,,,,4.0,,547.0,339.0,547.0,339.0,193.0,,,,547.0,,офлайн,офлайн,офлайн,офлайн,офлайн,,,,офлайн,,5.0,1.0,6.0,2.0,4.0,,,,0.0,,1007.0,1025.0,1009.0,1003.0,1005.0,,,,1002.0,,27.0,27.0,27.0,27.0,27.0,,,,27.0,,15.0,26.0,77.0,29.0,126.0,,,,67.0,,5048.0,5142.0,5051.0,5144.0,5160.0,,,,5046.0,,практика,практика,практика,практика,практика,,,,практика,,"Англійська для навчання та роботи 1
А (П) 3
Князь Ганна
практика
офлайн
[15]","Сучасна історія України
ІУ (П) 1
Довгань Світлана
практика
офлайн
[26]","Англійська для навчання та роботи 1
А (IT) 7
Кір'якова Дар'я
практика
офлайн
[77]","Сучасна історія України
ІУ (П) 4
Красінько Ольга
практика
офлайн
[29]","Основи програмування
ОП (П) 5
Бардін Владислав
практика
офлайн
[126]",,,,"Англійська для навчання та роботи 1
А (ІТ) 2
Скрипак Ольга
практика
офлайн
[67]",
FRIDAY,15:00:00,ПНС,,ВМ (ПІБА) 3,А (Е) 7,ВМ (ПІБА) 2,,ВМ (БЕ) 2,ІУ (П) 8,ВР,,1247.0,,1193.0,1217.0,1192.0,,1196.0,1244.0,1132.0,,6.0,,6.0,6.0,6.0,,6.0,6.0,6.0,,Психіка і нервова система,,Вступ до математики,Англійська для навчання та роботи 1,Вступ до математики,,Вступ до математики,Сучасна історія України,Вступ до релігієзнавства,,Чернінський Андрій,,Новак Антоніна,Коркач Дарина,Антошина Катерина,,Прощенко Тетяна,Куделя Володимир,Нікіфоров Карен,,5.0,,5.0,5.0,5.0,,5.0,5.0,5.0,,2023-12-16,,2023-12-16,2023-12-16,2023-12-16,,2023-12-16,2023-12-16,2023-12-16,,5.0,,5.0,5.0,5.0,,5.0,5.0,5.0,,549.0,,192.0,547.0,192.0,,192.0,339.0,349.0,,офлайн,,офлайн,офлайн,офлайн,,офлайн,офлайн,офлайн,,5.0,,6.0,2.0,4.0,,7.0,3.0,0.0,,1007.0,,1009.0,1003.0,1005.0,,1010.0,1030.0,1002.0,,28.0,,28.0,28.0,28.0,,28.0,28.0,28.0,,0.0,,94.0,59.0,92.0,,103.0,33.0,190.0,,4059.0,,3539.0,5047.0,5044.0,,5043.0,5145.0,5210.0,,лекція,,практика,практика,практика,,практика,практика,практика,,"Психіка і нервова система
ПНС
Чернінський Андрій
лекція
офлайн
[0]",,"Вступ до математики
ВМ (ПІБА) 3
Новак Антоніна
практика
офлайн
[94]","Англійська для навчання та роботи 1
А (Е) 7
Коркач Дарина
практика
офлайн
[59]","Вступ до математики
ВМ (ПІБА) 2
Антошина Катерина
практика
офлайн
[92]",,"Вступ до математики
ВМ (БЕ) 2
Прощенко Тетяна
практика
офлайн
[103]","Сучасна історія України
ІУ (П) 8
Куделя Володимир
практика
офлайн
[33]","Вступ до релігієзнавства
ВР
Нікіфоров Карен
практика
офлайн
[190]",
FRIDAY,16:30:00,,ВМ (БЕ) 2,,ЕПП,АПД,АЧР,А (Е) 7,ВМ (ЕБД) 2,ОП,,,1196.0,,1249.0,1315.0,1264.0,1217.0,1201.0,1272.0,,,6.0,,6.0,6.0,6.0,6.0,6.0,6.0,,,Вступ до математики,,Етика в правничій професії,Актуальні проблеми довкілля,Аналіз часових рядів,Англійська для навчання та роботи 1,Вступ до математики,Основи програмування,,,Прощенко Тетяна,,Грищенко Катерина,Дацюк Інна,Круковець Дмитро,Коркач Дарина,Чоп'юк Юрій,Коротенко Артем,,,5.0,,5.0,5.0,5.0,5.0,5.0,5.0,,,2023-12-16,,2023-12-16,2023-12-16,2023-12-16,2023-12-16,2023-12-16,2023-12-16,,,6.0,,6.0,6.0,6.0,6.0,6.0,6.0,,,192.0,,563.0,445.0,222.0,547.0,192.0,193.0,,,офлайн,,офлайн,офлайн,онлайн,офлайн,офлайн,офлайн,,,1.0,,2.0,4.0,8.0,7.0,3.0,0.0,,,1025.0,,1003.0,1005.0,0.0,1010.0,1030.0,1002.0,,,29.0,,29.0,29.0,29.0,29.0,29.0,29.0,,,104.0,,6.0,194.0,181.0,58.0,114.0,116.0,,,5043.0,,5053.0,5214.0,4002.0,5047.0,3737.0,3221.0,,,практика,,лекція,практика,практика,практика,практика,лекція,,,"Вступ до математики
ВМ (БЕ) 2
Прощенко Тетяна
практика
офлайн
[104]",,"Етика в правничій професії
ЕПП
Грищенко Катерина
лекція
офлайн
[6]","Актуальні проблеми довкілля
АПД
Дацюк Інна
практика
офлайн
[194]","Аналіз часових рядів
АЧР
Круковець Дмитро
практика
онлайн
[181]","Англійська для навчання та роботи 1
А (Е) 7
Коркач Дарина
практика
офлайн
[58]","Вступ до математики
ВМ (ЕБД) 2
Чоп'юк Юрій
практика
офлайн
[114]","Основи програмування
ОП
Коротенко Артем
лекція
офлайн
[116]",
